iso3,Territorio,cod_local,anio,zona,etnia,valor
COL,Altos del Sol,NA,2016,periurbano,Indígena,0.6255
COL,Altos del Sol,NA,2016,periurbano,No indígena,0.5455
COL,Altos del Sol,NA,2016,periurbano,Total,0.5699
COL,Altos del Sol,NA,2017,periurbano,Indígena,0.6571
COL,Altos del Sol,NA,2017,periurbano,No indígena,0.5771
COL,Altos del Sol,NA,2017,periurbano,Total,0.6014
COL,Altos del Sol,NA,2018,periurbano,Indígena,0.6828
COL,Altos del Sol,NA,2018,periurbano,No indígena,0.6028
COL,Altos del Sol,NA,2018,periurbano,Total,0.6272
COL,Altos del Sol,NA,2019,periurbano,Indígena,0.7319
COL,Altos del Sol,NA,2019,periurbano,No indígena,0.6519
COL,Altos del Sol,NA,2019,periurbano,Total,0.6762
COL,Altos del Sol,NA,2020,periurbano,Indígena,0.8037
COL,Altos del Sol,NA,2020,periurbano,No indígena,0.7237
COL,Altos del Sol,NA,2020,periurbano,Total,0.7479
COL,Altos del Sol,NA,2021,periurbano,Indígena,0.632
COL,Altos del Sol,NA,2021,periurbano,No indígena,0.552
COL,Altos del Sol,NA,2021,periurbano,Total,0.5762
COL,Altos del Sol,NA,2022,periurbano,Indígena,0.6811
COL,Altos del Sol,NA,2022,periurbano,No indígena,0.6011
COL,Altos del Sol,NA,2022,periurbano,Total,0.6247
COL,Altos del Sol,NA,2023,periurbano,Indígena,0.7792
COL,Altos del Sol,NA,2023,periurbano,No indígena,0.6992
COL,Altos del Sol,NA,2023,periurbano,Total,0.7229
COL,Altos del Sol,NA,2024,periurbano,Indígena,0.6961
COL,Altos del Sol,NA,2024,periurbano,No indígena,0.6161
COL,Altos del Sol,NA,2024,periurbano,Total,0.6397
COL,Altos del Sol,NA,2025,periurbano,Indígena,0.7903
COL,Altos del Sol,NA,2025,periurbano,No indígena,0.7103
COL,Altos del Sol,NA,2025,periurbano,Total,0.7339
COL,Bosques del Valle,NA,2016,periurbano,Indígena,0.4496
COL,Bosques del Valle,NA,2016,periurbano,No indígena,0.3696
COL,Bosques del Valle,NA,2016,periurbano,Total,0.3934
COL,Bosques del Valle,NA,2017,periurbano,Indígena,0.4001
COL,Bosques del Valle,NA,2017,periurbano,No indígena,0.3201
COL,Bosques del Valle,NA,2017,periurbano,Total,0.3439
COL,Bosques del Valle,NA,2018,periurbano,Indígena,0.383
COL,Bosques del Valle,NA,2018,periurbano,No indígena,0.303
COL,Bosques del Valle,NA,2018,periurbano,Total,0.3273
COL,Bosques del Valle,NA,2019,periurbano,Indígena,0.2534
COL,Bosques del Valle,NA,2019,periurbano,No indígena,0.1734
COL,Bosques del Valle,NA,2019,periurbano,Total,0.1977
COL,Bosques del Valle,NA,2020,periurbano,Indígena,0.2214
COL,Bosques del Valle,NA,2020,periurbano,No indígena,0.1414
COL,Bosques del Valle,NA,2020,periurbano,Total,0.1655
COL,Bosques del Valle,NA,2021,periurbano,Indígena,0.2842
COL,Bosques del Valle,NA,2021,periurbano,No indígena,0.2042
COL,Bosques del Valle,NA,2021,periurbano,Total,0.2279
COL,Bosques del Valle,NA,2022,periurbano,Indígena,0.3336
COL,Bosques del Valle,NA,2022,periurbano,No indígena,0.2536
COL,Bosques del Valle,NA,2022,periurbano,Total,0.2778
COL,Bosques del Valle,NA,2023,periurbano,Indígena,0.4151
COL,Bosques del Valle,NA,2023,periurbano,No indígena,0.3351
COL,Bosques del Valle,NA,2023,periurbano,Total,0.3588
COL,Bosques del Valle,NA,2024,periurbano,Indígena,0.4991
COL,Bosques del Valle,NA,2024,periurbano,No indígena,0.4191
COL,Bosques del Valle,NA,2024,periurbano,Total,0.4428
COL,Bosques del Valle,NA,2025,periurbano,Indígena,0.4128
COL,Bosques del Valle,NA,2025,periurbano,No indígena,0.3328
COL,Bosques del Valle,NA,2025,periurbano,Total,0.3565
COL,Colinas del Valle,NA,2016,rural,Indígena,0.9
COL,Colinas del Valle,NA,2016,rural,No indígena,0.8246
COL,Colinas del Valle,NA,2016,rural,Total,0.8584
COL,Colinas del Valle,NA,2017,rural,Indígena,0.9
COL,Colinas del Valle,NA,2017,rural,No indígena,0.8939
COL,Colinas del Valle,NA,2017,rural,Total,0.8966
COL,Colinas del Valle,NA,2018,rural,Indígena,0.8561
COL,Colinas del Valle,NA,2018,rural,No indígena,0.7761
COL,Colinas del Valle,NA,2018,rural,Total,0.8132
COL,Colinas del Valle,NA,2019,rural,Indígena,0.9
COL,Colinas del Valle,NA,2019,rural,No indígena,0.8489
COL,Colinas del Valle,NA,2019,rural,Total,0.8726
COL,Colinas del Valle,NA,2020,rural,Indígena,0.8582
COL,Colinas del Valle,NA,2020,rural,No indígena,0.7782
COL,Colinas del Valle,NA,2020,rural,Total,0.8151
COL,Colinas del Valle,NA,2021,rural,Indígena,0.7173
COL,Colinas del Valle,NA,2021,rural,No indígena,0.6373
COL,Colinas del Valle,NA,2021,rural,Total,0.6729
COL,Colinas del Valle,NA,2022,rural,Indígena,0.871
COL,Colinas del Valle,NA,2022,rural,No indígena,0.791
COL,Colinas del Valle,NA,2022,rural,Total,0.8266
COL,Colinas del Valle,NA,2023,rural,Indígena,0.7247
COL,Colinas del Valle,NA,2023,rural,No indígena,0.6447
COL,Colinas del Valle,NA,2023,rural,Total,0.6802
COL,Colinas del Valle,NA,2024,rural,Indígena,0.7107
COL,Colinas del Valle,NA,2024,rural,No indígena,0.6307
COL,Colinas del Valle,NA,2024,rural,Total,0.6662
COL,Colinas del Valle,NA,2025,rural,Indígena,0.62
COL,Colinas del Valle,NA,2025,rural,No indígena,0.54
COL,Colinas del Valle,NA,2025,rural,Total,0.5756
COL,El Carmen,NA,2016,periurbano,Indígena,0.552
COL,El Carmen,NA,2016,periurbano,No indígena,0.472
COL,El Carmen,NA,2016,periurbano,Total,0.4959
COL,El Carmen,NA,2017,periurbano,Indígena,0.5684
COL,El Carmen,NA,2017,periurbano,No indígena,0.4884
COL,El Carmen,NA,2017,periurbano,Total,0.5126
COL,El Carmen,NA,2018,periurbano,Indígena,0.5319
COL,El Carmen,NA,2018,periurbano,No indígena,0.4519
COL,El Carmen,NA,2018,periurbano,Total,0.4762
COL,El Carmen,NA,2019,periurbano,Indígena,0.6305
COL,El Carmen,NA,2019,periurbano,No indígena,0.5505
COL,El Carmen,NA,2019,periurbano,Total,0.5748
COL,El Carmen,NA,2020,periurbano,Indígena,0.5755
COL,El Carmen,NA,2020,periurbano,No indígena,0.4955
COL,El Carmen,NA,2020,periurbano,Total,0.5201
COL,El Carmen,NA,2021,periurbano,Indígena,0.6688
COL,El Carmen,NA,2021,periurbano,No indígena,0.5888
COL,El Carmen,NA,2021,periurbano,Total,0.6129
COL,El Carmen,NA,2022,periurbano,Indígena,0.524
COL,El Carmen,NA,2022,periurbano,No indígena,0.444
COL,El Carmen,NA,2022,periurbano,Total,0.4677
COL,El Carmen,NA,2023,periurbano,Indígena,0.558
COL,El Carmen,NA,2023,periurbano,No indígena,0.478
COL,El Carmen,NA,2023,periurbano,Total,0.5017
COL,El Carmen,NA,2024,periurbano,Indígena,0.6081
COL,El Carmen,NA,2024,periurbano,No indígena,0.5281
COL,El Carmen,NA,2024,periurbano,Total,0.5518
COL,El Carmen,NA,2025,periurbano,Indígena,0.5282
COL,El Carmen,NA,2025,periurbano,No indígena,0.4482
COL,El Carmen,NA,2025,periurbano,Total,0.4719
COL,El Edén,NA,2016,periurbano,Indígena,0.4322
COL,El Edén,NA,2016,periurbano,No indígena,0.3522
COL,El Edén,NA,2016,periurbano,Total,0.3761
COL,El Edén,NA,2017,periurbano,Indígena,0.5243
COL,El Edén,NA,2017,periurbano,No indígena,0.4443
COL,El Edén,NA,2017,periurbano,Total,0.4686
COL,El Edén,NA,2018,periurbano,Indígena,0.508
COL,El Edén,NA,2018,periurbano,No indígena,0.428
COL,El Edén,NA,2018,periurbano,Total,0.4524
COL,El Edén,NA,2019,periurbano,Indígena,0.4742
COL,El Edén,NA,2019,periurbano,No indígena,0.3942
COL,El Edén,NA,2019,periurbano,Total,0.4185
COL,El Edén,NA,2020,periurbano,Indígena,0.5307
COL,El Edén,NA,2020,periurbano,No indígena,0.4507
COL,El Edén,NA,2020,periurbano,Total,0.4749
COL,El Edén,NA,2021,periurbano,Indígena,0.5243
COL,El Edén,NA,2021,periurbano,No indígena,0.4443
COL,El Edén,NA,2021,periurbano,Total,0.4679
COL,El Edén,NA,2022,periurbano,Indígena,0.5166
COL,El Edén,NA,2022,periurbano,No indígena,0.4366
COL,El Edén,NA,2022,periurbano,Total,0.4609
COL,El Edén,NA,2023,periurbano,Indígena,0.4847
COL,El Edén,NA,2023,periurbano,No indígena,0.4047
COL,El Edén,NA,2023,periurbano,Total,0.4283
COL,El Edén,NA,2024,periurbano,Indígena,0.4782
COL,El Edén,NA,2024,periurbano,No indígena,0.3982
COL,El Edén,NA,2024,periurbano,Total,0.4218
COL,El Edén,NA,2025,periurbano,Indígena,0.5765
COL,El Edén,NA,2025,periurbano,No indígena,0.4965
COL,El Edén,NA,2025,periurbano,Total,0.5202
COL,El Mirador,NA,2016,rural,Indígena,0.9
COL,El Mirador,NA,2016,rural,No indígena,0.8699
COL,El Mirador,NA,2016,rural,Total,0.8832
COL,El Mirador,NA,2017,rural,Indígena,0.8332
COL,El Mirador,NA,2017,rural,No indígena,0.7532
COL,El Mirador,NA,2017,rural,Total,0.7885
COL,El Mirador,NA,2018,rural,Indígena,0.6943
COL,El Mirador,NA,2018,rural,No indígena,0.6143
COL,El Mirador,NA,2018,rural,Total,0.6496
COL,El Mirador,NA,2019,rural,Indígena,0.7697
COL,El Mirador,NA,2019,rural,No indígena,0.6897
COL,El Mirador,NA,2019,rural,Total,0.7261
COL,El Mirador,NA,2020,rural,Indígena,0.7066
COL,El Mirador,NA,2020,rural,No indígena,0.6266
COL,El Mirador,NA,2020,rural,Total,0.6628
COL,El Mirador,NA,2021,rural,Indígena,0.66
COL,El Mirador,NA,2021,rural,No indígena,0.58
COL,El Mirador,NA,2021,rural,Total,0.6164
COL,El Mirador,NA,2022,rural,Indígena,0.5377
COL,El Mirador,NA,2022,rural,No indígena,0.4577
COL,El Mirador,NA,2022,rural,Total,0.4941
COL,El Mirador,NA,2023,rural,Indígena,0.7204
COL,El Mirador,NA,2023,rural,No indígena,0.6404
COL,El Mirador,NA,2023,rural,Total,0.6767
COL,El Mirador,NA,2024,rural,Indígena,0.8719
COL,El Mirador,NA,2024,rural,No indígena,0.7919
COL,El Mirador,NA,2024,rural,Total,0.8283
COL,El Mirador,NA,2025,rural,Indígena,0.6752
COL,El Mirador,NA,2025,rural,No indígena,0.5952
COL,El Mirador,NA,2025,rural,Total,0.6316
COL,El Porvenir,NA,2016,rural,Indígena,0.7614
COL,El Porvenir,NA,2016,rural,No indígena,0.6814
COL,El Porvenir,NA,2016,rural,Total,0.7176
COL,El Porvenir,NA,2017,rural,Indígena,0.7628
COL,El Porvenir,NA,2017,rural,No indígena,0.6828
COL,El Porvenir,NA,2017,rural,Total,0.7189
COL,El Porvenir,NA,2018,rural,Indígena,0.9
COL,El Porvenir,NA,2018,rural,No indígena,0.8339
COL,El Porvenir,NA,2018,rural,Total,0.8638
COL,El Porvenir,NA,2019,rural,Indígena,0.7498
COL,El Porvenir,NA,2019,rural,No indígena,0.6698
COL,El Porvenir,NA,2019,rural,Total,0.7059
COL,El Porvenir,NA,2020,rural,Indígena,0.8823
COL,El Porvenir,NA,2020,rural,No indígena,0.8023
COL,El Porvenir,NA,2020,rural,Total,0.8381
COL,El Porvenir,NA,2021,rural,Indígena,0.8179
COL,El Porvenir,NA,2021,rural,No indígena,0.7379
COL,El Porvenir,NA,2021,rural,Total,0.7738
COL,El Porvenir,NA,2022,rural,Indígena,0.7683
COL,El Porvenir,NA,2022,rural,No indígena,0.6883
COL,El Porvenir,NA,2022,rural,Total,0.7244
COL,El Porvenir,NA,2023,rural,Indígena,0.8565
COL,El Porvenir,NA,2023,rural,No indígena,0.7765
COL,El Porvenir,NA,2023,rural,Total,0.8126
COL,El Porvenir,NA,2024,rural,Indígena,0.8686
COL,El Porvenir,NA,2024,rural,No indígena,0.7886
COL,El Porvenir,NA,2024,rural,Total,0.8247
COL,El Porvenir,NA,2025,rural,Indígena,0.8811
COL,El Porvenir,NA,2025,rural,No indígena,0.8011
COL,El Porvenir,NA,2025,rural,Total,0.8369
COL,La Alameda,NA,2016,rural,Indígena,0.5463
COL,La Alameda,NA,2016,rural,No indígena,0.4663
COL,La Alameda,NA,2016,rural,Total,0.5013
COL,La Alameda,NA,2017,rural,Indígena,0.565
COL,La Alameda,NA,2017,rural,No indígena,0.485
COL,La Alameda,NA,2017,rural,Total,0.52
COL,La Alameda,NA,2018,rural,Indígena,0.4972
COL,La Alameda,NA,2018,rural,No indígena,0.4172
COL,La Alameda,NA,2018,rural,Total,0.4534
COL,La Alameda,NA,2019,rural,Indígena,0.6348
COL,La Alameda,NA,2019,rural,No indígena,0.5548
COL,La Alameda,NA,2019,rural,Total,0.5909
COL,La Alameda,NA,2020,rural,Indígena,0.832
COL,La Alameda,NA,2020,rural,No indígena,0.752
COL,La Alameda,NA,2020,rural,Total,0.7879
COL,La Alameda,NA,2021,rural,Indígena,0.8053
COL,La Alameda,NA,2021,rural,No indígena,0.7253
COL,La Alameda,NA,2021,rural,Total,0.7615
COL,La Alameda,NA,2022,rural,Indígena,0.9
COL,La Alameda,NA,2022,rural,No indígena,0.9
COL,La Alameda,NA,2022,rural,Total,0.9
COL,La Alameda,NA,2023,rural,Indígena,0.8863
COL,La Alameda,NA,2023,rural,No indígena,0.8063
COL,La Alameda,NA,2023,rural,Total,0.8425
COL,La Alameda,NA,2024,rural,Indígena,0.8868
COL,La Alameda,NA,2024,rural,No indígena,0.8068
COL,La Alameda,NA,2024,rural,Total,0.843
COL,La Alameda,NA,2025,rural,Indígena,0.8519
COL,La Alameda,NA,2025,rural,No indígena,0.7719
COL,La Alameda,NA,2025,rural,Total,0.808
COL,La Arboleda,NA,2016,periurbano,Indígena,0.4972
COL,La Arboleda,NA,2016,periurbano,No indígena,0.4172
COL,La Arboleda,NA,2016,periurbano,Total,0.4413
COL,La Arboleda,NA,2017,periurbano,Indígena,0.5213
COL,La Arboleda,NA,2017,periurbano,No indígena,0.4413
COL,La Arboleda,NA,2017,periurbano,Total,0.4654
COL,La Arboleda,NA,2018,periurbano,Indígena,0.4578
COL,La Arboleda,NA,2018,periurbano,No indígena,0.3778
COL,La Arboleda,NA,2018,periurbano,Total,0.4019
COL,La Arboleda,NA,2019,periurbano,Indígena,0.3786
COL,La Arboleda,NA,2019,periurbano,No indígena,0.2986
COL,La Arboleda,NA,2019,periurbano,Total,0.323
COL,La Arboleda,NA,2020,periurbano,Indígena,0.6382
COL,La Arboleda,NA,2020,periurbano,No indígena,0.5582
COL,La Arboleda,NA,2020,periurbano,Total,0.5821
COL,La Arboleda,NA,2021,periurbano,Indígena,0.4907
COL,La Arboleda,NA,2021,periurbano,No indígena,0.4107
COL,La Arboleda,NA,2021,periurbano,Total,0.4351
COL,La Arboleda,NA,2022,periurbano,Indígena,0.5075
COL,La Arboleda,NA,2022,periurbano,No indígena,0.4275
COL,La Arboleda,NA,2022,periurbano,Total,0.4515
COL,La Arboleda,NA,2023,periurbano,Indígena,0.3934
COL,La Arboleda,NA,2023,periurbano,No indígena,0.3134
COL,La Arboleda,NA,2023,periurbano,Total,0.3374
COL,La Arboleda,NA,2024,periurbano,Indígena,0.2237
COL,La Arboleda,NA,2024,periurbano,No indígena,0.1437
COL,La Arboleda,NA,2024,periurbano,Total,0.1677
COL,La Arboleda,NA,2025,periurbano,Indígena,0.2969
COL,La Arboleda,NA,2025,periurbano,No indígena,0.2169
COL,La Arboleda,NA,2025,periurbano,Total,0.2409
COL,La Cañada,NA,2016,rural,Indígena,0.6786
COL,La Cañada,NA,2016,rural,No indígena,0.5986
COL,La Cañada,NA,2016,rural,Total,0.6349
COL,La Cañada,NA,2017,rural,Indígena,0.5177
COL,La Cañada,NA,2017,rural,No indígena,0.4377
COL,La Cañada,NA,2017,rural,Total,0.4741
COL,La Cañada,NA,2018,rural,Indígena,0.6405
COL,La Cañada,NA,2018,rural,No indígena,0.5605
COL,La Cañada,NA,2018,rural,Total,0.5969
COL,La Cañada,NA,2019,rural,Indígena,0.6793
COL,La Cañada,NA,2019,rural,No indígena,0.5993
COL,La Cañada,NA,2019,rural,Total,0.6343
COL,La Cañada,NA,2020,rural,Indígena,0.8372
COL,La Cañada,NA,2020,rural,No indígena,0.7572
COL,La Cañada,NA,2020,rural,Total,0.7934
COL,La Cañada,NA,2021,rural,Indígena,0.9
COL,La Cañada,NA,2021,rural,No indígena,0.9
COL,La Cañada,NA,2021,rural,Total,0.9
COL,La Cañada,NA,2022,rural,Indígena,0.7902
COL,La Cañada,NA,2022,rural,No indígena,0.7102
COL,La Cañada,NA,2022,rural,Total,0.7463
COL,La Cañada,NA,2023,rural,Indígena,0.6223
COL,La Cañada,NA,2023,rural,No indígena,0.5423
COL,La Cañada,NA,2023,rural,Total,0.5784
COL,La Cañada,NA,2024,rural,Indígena,0.6493
COL,La Cañada,NA,2024,rural,No indígena,0.5693
COL,La Cañada,NA,2024,rural,Total,0.6054
COL,La Cañada,NA,2025,rural,Indígena,0.9
COL,La Cañada,NA,2025,rural,No indígena,0.9
COL,La Cañada,NA,2025,rural,Total,0.9
COL,La Esperanza,NA,2016,urbano,Indígena,0.2247
COL,La Esperanza,NA,2016,urbano,No indígena,0.1447
COL,La Esperanza,NA,2016,urbano,Total,0.1567
COL,La Esperanza,NA,2017,urbano,Indígena,0.1857
COL,La Esperanza,NA,2017,urbano,No indígena,0.1057
COL,La Esperanza,NA,2017,urbano,Total,0.1177
COL,La Esperanza,NA,2018,urbano,Indígena,0.1957
COL,La Esperanza,NA,2018,urbano,No indígena,0.1157
COL,La Esperanza,NA,2018,urbano,Total,0.1277
COL,La Esperanza,NA,2019,urbano,Indígena,0.2034
COL,La Esperanza,NA,2019,urbano,No indígena,0.1234
COL,La Esperanza,NA,2019,urbano,Total,0.1355
COL,La Esperanza,NA,2020,urbano,Indígena,0.2201
COL,La Esperanza,NA,2020,urbano,No indígena,0.1401
COL,La Esperanza,NA,2020,urbano,Total,0.1521
COL,La Esperanza,NA,2021,urbano,Indígena,0.2106
COL,La Esperanza,NA,2021,urbano,No indígena,0.1306
COL,La Esperanza,NA,2021,urbano,Total,0.1424
COL,La Esperanza,NA,2022,urbano,Indígena,0.1714
COL,La Esperanza,NA,2022,urbano,No indígena,0.0914
COL,La Esperanza,NA,2022,urbano,Total,0.1036
COL,La Esperanza,NA,2023,urbano,Indígena,0.2347
COL,La Esperanza,NA,2023,urbano,No indígena,0.1547
COL,La Esperanza,NA,2023,urbano,Total,0.1671
COL,La Esperanza,NA,2024,urbano,Indígena,0.1846
COL,La Esperanza,NA,2024,urbano,No indígena,0.1046
COL,La Esperanza,NA,2024,urbano,Total,0.1163
COL,La Esperanza,NA,2025,urbano,Indígena,0.1692
COL,La Esperanza,NA,2025,urbano,No indígena,0.0892
COL,La Esperanza,NA,2025,urbano,Total,0.101
COL,La Primavera,NA,2016,periurbano,Indígena,0.4877
COL,La Primavera,NA,2016,periurbano,No indígena,0.4077
COL,La Primavera,NA,2016,periurbano,Total,0.4311
COL,La Primavera,NA,2017,periurbano,Indígena,0.433
COL,La Primavera,NA,2017,periurbano,No indígena,0.353
COL,La Primavera,NA,2017,periurbano,Total,0.3764
COL,La Primavera,NA,2018,periurbano,Indígena,0.4829
COL,La Primavera,NA,2018,periurbano,No indígena,0.4029
COL,La Primavera,NA,2018,periurbano,Total,0.4268
COL,La Primavera,NA,2019,periurbano,Indígena,0.4301
COL,La Primavera,NA,2019,periurbano,No indígena,0.3501
COL,La Primavera,NA,2019,periurbano,Total,0.374
COL,La Primavera,NA,2020,periurbano,Indígena,0.4256
COL,La Primavera,NA,2020,periurbano,No indígena,0.3456
COL,La Primavera,NA,2020,periurbano,Total,0.3698
COL,La Primavera,NA,2021,periurbano,Indígena,0.4829
COL,La Primavera,NA,2021,periurbano,No indígena,0.4029
COL,La Primavera,NA,2021,periurbano,Total,0.4272
COL,La Primavera,NA,2022,periurbano,Indígena,0.5977
COL,La Primavera,NA,2022,periurbano,No indígena,0.5177
COL,La Primavera,NA,2022,periurbano,Total,0.542
COL,La Primavera,NA,2023,periurbano,Indígena,0.5247
COL,La Primavera,NA,2023,periurbano,No indígena,0.4447
COL,La Primavera,NA,2023,periurbano,Total,0.469
COL,La Primavera,NA,2024,periurbano,Indígena,0.4517
COL,La Primavera,NA,2024,periurbano,No indígena,0.3717
COL,La Primavera,NA,2024,periurbano,Total,0.396
COL,La Primavera,NA,2025,periurbano,Indígena,0.6907
COL,La Primavera,NA,2025,periurbano,No indígena,0.6107
COL,La Primavera,NA,2025,periurbano,Total,0.635
COL,La Rivera,NA,2016,urbano,Indígena,0.1957
COL,La Rivera,NA,2016,urbano,No indígena,0.1157
COL,La Rivera,NA,2016,urbano,Total,0.1274
COL,La Rivera,NA,2017,urbano,Indígena,0.2268
COL,La Rivera,NA,2017,urbano,No indígena,0.1468
COL,La Rivera,NA,2017,urbano,Total,0.1586
COL,La Rivera,NA,2018,urbano,Indígena,0.2361
COL,La Rivera,NA,2018,urbano,No indígena,0.1561
COL,La Rivera,NA,2018,urbano,Total,0.168
COL,La Rivera,NA,2019,urbano,Indígena,0.2093
COL,La Rivera,NA,2019,urbano,No indígena,0.1293
COL,La Rivera,NA,2019,urbano,Total,0.1412
COL,La Rivera,NA,2020,urbano,Indígena,0.2622
COL,La Rivera,NA,2020,urbano,No indígena,0.1822
COL,La Rivera,NA,2020,urbano,Total,0.1939
COL,La Rivera,NA,2021,urbano,Indígena,0.2183
COL,La Rivera,NA,2021,urbano,No indígena,0.1383
COL,La Rivera,NA,2021,urbano,Total,0.1506
COL,La Rivera,NA,2022,urbano,Indígena,0.2133
COL,La Rivera,NA,2022,urbano,No indígena,0.1333
COL,La Rivera,NA,2022,urbano,Total,0.1453
COL,La Rivera,NA,2023,urbano,Indígena,0.2413
COL,La Rivera,NA,2023,urbano,No indígena,0.1613
COL,La Rivera,NA,2023,urbano,Total,0.1735
COL,La Rivera,NA,2024,urbano,Indígena,0.2291
COL,La Rivera,NA,2024,urbano,No indígena,0.1491
COL,La Rivera,NA,2024,urbano,Total,0.1612
COL,La Rivera,NA,2025,urbano,Indígena,0.2072
COL,La Rivera,NA,2025,urbano,No indígena,0.1272
COL,La Rivera,NA,2025,urbano,Total,0.1395
COL,Las Brisas,NA,2016,rural,Indígena,0.6487
COL,Las Brisas,NA,2016,rural,No indígena,0.5687
COL,Las Brisas,NA,2016,rural,Total,0.6048
COL,Las Brisas,NA,2017,rural,Indígena,0.5946
COL,Las Brisas,NA,2017,rural,No indígena,0.5146
COL,Las Brisas,NA,2017,rural,Total,0.5508
COL,Las Brisas,NA,2018,rural,Indígena,0.5138
COL,Las Brisas,NA,2018,rural,No indígena,0.4338
COL,Las Brisas,NA,2018,rural,Total,0.4699
COL,Las Brisas,NA,2019,rural,Indígena,0.5575
COL,Las Brisas,NA,2019,rural,No indígena,0.4775
COL,Las Brisas,NA,2019,rural,Total,0.5136
COL,Las Brisas,NA,2020,rural,Indígena,0.5705
COL,Las Brisas,NA,2020,rural,No indígena,0.4905
COL,Las Brisas,NA,2020,rural,Total,0.5264
COL,Las Brisas,NA,2021,rural,Indígena,0.5012
COL,Las Brisas,NA,2021,rural,No indígena,0.4212
COL,Las Brisas,NA,2021,rural,Total,0.457
COL,Las Brisas,NA,2022,rural,Indígena,0.6563
COL,Las Brisas,NA,2022,rural,No indígena,0.5763
COL,Las Brisas,NA,2022,rural,Total,0.61240000000000006
COL,Las Brisas,NA,2023,rural,Indígena,0.7459
COL,Las Brisas,NA,2023,rural,No indígena,0.6659
COL,Las Brisas,NA,2023,rural,Total,0.7018
COL,Las Brisas,NA,2024,rural,Indígena,0.6976
COL,Las Brisas,NA,2024,rural,No indígena,0.6176
COL,Las Brisas,NA,2024,rural,Total,0.6535
COL,Las Brisas,NA,2025,rural,Indígena,0.7127
COL,Las Brisas,NA,2025,rural,No indígena,0.6327
COL,Las Brisas,NA,2025,rural,Total,0.6686
COL,Las Palmas,NA,2016,periurbano,Indígena,0.4117
COL,Las Palmas,NA,2016,periurbano,No indígena,0.3317
COL,Las Palmas,NA,2016,periurbano,Total,0.3556
COL,Las Palmas,NA,2017,periurbano,Indígena,0.4885
COL,Las Palmas,NA,2017,periurbano,No indígena,0.4085
COL,Las Palmas,NA,2017,periurbano,Total,0.4327
COL,Las Palmas,NA,2018,periurbano,Indígena,0.4923
COL,Las Palmas,NA,2018,periurbano,No indígena,0.4123
COL,Las Palmas,NA,2018,periurbano,Total,0.4365
COL,Las Palmas,NA,2019,periurbano,Indígena,0.5086
COL,Las Palmas,NA,2019,periurbano,No indígena,0.4286
COL,Las Palmas,NA,2019,periurbano,Total,0.4528
COL,Las Palmas,NA,2020,periurbano,Indígena,0.5297
COL,Las Palmas,NA,2020,periurbano,No indígena,0.4497
COL,Las Palmas,NA,2020,periurbano,Total,0.4737
COL,Las Palmas,NA,2021,periurbano,Indígena,0.4461
COL,Las Palmas,NA,2021,periurbano,No indígena,0.3661
COL,Las Palmas,NA,2021,periurbano,Total,0.3903
COL,Las Palmas,NA,2022,periurbano,Indígena,0.3672
COL,Las Palmas,NA,2022,periurbano,No indígena,0.2872
COL,Las Palmas,NA,2022,periurbano,Total,0.311
COL,Las Palmas,NA,2023,periurbano,Indígena,0.4206
COL,Las Palmas,NA,2023,periurbano,No indígena,0.3406
COL,Las Palmas,NA,2023,periurbano,Total,0.3643
COL,Las Palmas,NA,2024,periurbano,Indígena,0.5376
COL,Las Palmas,NA,2024,periurbano,No indígena,0.4576
COL,Las Palmas,NA,2024,periurbano,Total,0.4817
COL,Las Palmas,NA,2025,periurbano,Indígena,0.5614
COL,Las Palmas,NA,2025,periurbano,No indígena,0.4814
COL,Las Palmas,NA,2025,periurbano,Total,0.5055
COL,Los Arrayanes,NA,2016,rural,Indígena,0.4727
COL,Los Arrayanes,NA,2016,rural,No indígena,0.3927
COL,Los Arrayanes,NA,2016,rural,Total,0.4291
COL,Los Arrayanes,NA,2017,rural,Indígena,0.6037
COL,Los Arrayanes,NA,2017,rural,No indígena,0.5237
COL,Los Arrayanes,NA,2017,rural,Total,0.5601
COL,Los Arrayanes,NA,2018,rural,Indígena,0.4306
COL,Los Arrayanes,NA,2018,rural,No indígena,0.3506
COL,Los Arrayanes,NA,2018,rural,Total,0.387
COL,Los Arrayanes,NA,2019,rural,Indígena,0.4617
COL,Los Arrayanes,NA,2019,rural,No indígena,0.3817
COL,Los Arrayanes,NA,2019,rural,Total,0.418
COL,Los Arrayanes,NA,2020,rural,Indígena,0.5863
COL,Los Arrayanes,NA,2020,rural,No indígena,0.5063
COL,Los Arrayanes,NA,2020,rural,Total,0.5423
COL,Los Arrayanes,NA,2021,rural,Indígena,0.6712
COL,Los Arrayanes,NA,2021,rural,No indígena,0.5912
COL,Los Arrayanes,NA,2021,rural,Total,0.6255
COL,Los Arrayanes,NA,2022,rural,Indígena,0.757
COL,Los Arrayanes,NA,2022,rural,No indígena,0.677
COL,Los Arrayanes,NA,2022,rural,Total,0.7134
COL,Los Arrayanes,NA,2023,rural,Indígena,0.6111
COL,Los Arrayanes,NA,2023,rural,No indígena,0.5311
COL,Los Arrayanes,NA,2023,rural,Total,0.5675
COL,Los Arrayanes,NA,2024,rural,Indígena,0.7911
COL,Los Arrayanes,NA,2024,rural,No indígena,0.7111
COL,Los Arrayanes,NA,2024,rural,Total,0.7474
COL,Los Arrayanes,NA,2025,rural,Indígena,0.7429
COL,Los Arrayanes,NA,2025,rural,No indígena,0.6629
COL,Los Arrayanes,NA,2025,rural,Total,0.6972
COL,Los Pinos,NA,2016,rural,Indígena,0.4147
COL,Los Pinos,NA,2016,rural,No indígena,0.3347
COL,Los Pinos,NA,2016,rural,Total,0.3708
COL,Los Pinos,NA,2017,rural,Indígena,0.4637
COL,Los Pinos,NA,2017,rural,No indígena,0.3837
COL,Los Pinos,NA,2017,rural,Total,0.4199
COL,Los Pinos,NA,2018,rural,Indígena,0.6437
COL,Los Pinos,NA,2018,rural,No indígena,0.5637
COL,Los Pinos,NA,2018,rural,Total,0.5998
COL,Los Pinos,NA,2019,rural,Indígena,0.5292
COL,Los Pinos,NA,2019,rural,No indígena,0.4492
COL,Los Pinos,NA,2019,rural,Total,0.4853
COL,Los Pinos,NA,2020,rural,Indígena,0.5629
COL,Los Pinos,NA,2020,rural,No indígena,0.4829
COL,Los Pinos,NA,2020,rural,Total,0.5187
COL,Los Pinos,NA,2021,rural,Indígena,0.5536
COL,Los Pinos,NA,2021,rural,No indígena,0.4736
COL,Los Pinos,NA,2021,rural,Total,0.5095
COL,Los Pinos,NA,2022,rural,Indígena,0.4477
COL,Los Pinos,NA,2022,rural,No indígena,0.3677
COL,Los Pinos,NA,2022,rural,Total,0.4036
COL,Los Pinos,NA,2023,rural,Indígena,0.4948
COL,Los Pinos,NA,2023,rural,No indígena,0.4148
COL,Los Pinos,NA,2023,rural,Total,0.4506
COL,Los Pinos,NA,2024,rural,Indígena,0.4767
COL,Los Pinos,NA,2024,rural,No indígena,0.3967
COL,Los Pinos,NA,2024,rural,Total,0.4326
COL,Los Pinos,NA,2025,rural,Indígena,0.6344
COL,Los Pinos,NA,2025,rural,No indígena,0.5544
COL,Los Pinos,NA,2025,rural,Total,0.5902
COL,Los Álamos,NA,2016,rural,Indígena,0.6073
COL,Los Álamos,NA,2016,rural,No indígena,0.5273
COL,Los Álamos,NA,2016,rural,Total,0.5621
COL,Los Álamos,NA,2017,rural,Indígena,0.4612
COL,Los Álamos,NA,2017,rural,No indígena,0.3812
COL,Los Álamos,NA,2017,rural,Total,0.4176
COL,Los Álamos,NA,2018,rural,Indígena,0.3929
COL,Los Álamos,NA,2018,rural,No indígena,0.3129
COL,Los Álamos,NA,2018,rural,Total,0.3493
COL,Los Álamos,NA,2019,rural,Indígena,0.6247
COL,Los Álamos,NA,2019,rural,No indígena,0.5447
COL,Los Álamos,NA,2019,rural,Total,0.581
COL,Los Álamos,NA,2020,rural,Indígena,0.5979
COL,Los Álamos,NA,2020,rural,No indígena,0.5179
COL,Los Álamos,NA,2020,rural,Total,0.5521
COL,Los Álamos,NA,2021,rural,Indígena,0.6877
COL,Los Álamos,NA,2021,rural,No indígena,0.6077
COL,Los Álamos,NA,2021,rural,Total,0.6441
COL,Los Álamos,NA,2022,rural,Indígena,0.5752
COL,Los Álamos,NA,2022,rural,No indígena,0.4952
COL,Los Álamos,NA,2022,rural,Total,0.5315
COL,Los Álamos,NA,2023,rural,Indígena,0.6375
COL,Los Álamos,NA,2023,rural,No indígena,0.5575
COL,Los Álamos,NA,2023,rural,Total,0.5939
COL,Los Álamos,NA,2024,rural,Indígena,0.7253
COL,Los Álamos,NA,2024,rural,No indígena,0.6453
COL,Los Álamos,NA,2024,rural,Total,0.6816
COL,Los Álamos,NA,2025,rural,Indígena,0.7225
COL,Los Álamos,NA,2025,rural,No indígena,0.6425
COL,Los Álamos,NA,2025,rural,Total,0.6788
COL,Nueva Esperanza,NA,2016,periurbano,Indígena,0.5752
COL,Nueva Esperanza,NA,2016,periurbano,No indígena,0.4952
COL,Nueva Esperanza,NA,2016,periurbano,Total,0.5193
COL,Nueva Esperanza,NA,2017,periurbano,Indígena,0.3976
COL,Nueva Esperanza,NA,2017,periurbano,No indígena,0.3176
COL,Nueva Esperanza,NA,2017,periurbano,Total,0.3418
COL,Nueva Esperanza,NA,2018,periurbano,Indígena,0.3729
COL,Nueva Esperanza,NA,2018,periurbano,No indígena,0.2929
COL,Nueva Esperanza,NA,2018,periurbano,Total,0.3175
COL,Nueva Esperanza,NA,2019,periurbano,Indígena,0.3579
COL,Nueva Esperanza,NA,2019,periurbano,No indígena,0.2779
COL,Nueva Esperanza,NA,2019,periurbano,Total,0.3025
COL,Nueva Esperanza,NA,2020,periurbano,Indígena,0.7719
COL,Nueva Esperanza,NA,2020,periurbano,No indígena,0.6919
COL,Nueva Esperanza,NA,2020,periurbano,Total,0.7164
COL,Nueva Esperanza,NA,2021,periurbano,Indígena,0.6168
COL,Nueva Esperanza,NA,2021,periurbano,No indígena,0.5368
COL,Nueva Esperanza,NA,2021,periurbano,Total,0.5608
COL,Nueva Esperanza,NA,2022,periurbano,Indígena,0.5941
COL,Nueva Esperanza,NA,2022,periurbano,No indígena,0.5141
COL,Nueva Esperanza,NA,2022,periurbano,Total,0.5376
COL,Nueva Esperanza,NA,2023,periurbano,Indígena,0.4392
COL,Nueva Esperanza,NA,2023,periurbano,No indígena,0.3592
COL,Nueva Esperanza,NA,2023,periurbano,Total,0.3832
COL,Nueva Esperanza,NA,2024,periurbano,Indígena,0.5766
COL,Nueva Esperanza,NA,2024,periurbano,No indígena,0.4966
COL,Nueva Esperanza,NA,2024,periurbano,Total,0.5206
COL,Nueva Esperanza,NA,2025,periurbano,Indígena,0.6334
COL,Nueva Esperanza,NA,2025,periurbano,No indígena,0.5534
COL,Nueva Esperanza,NA,2025,periurbano,Total,0.5774
COL,Nueva Vida,NA,2016,periurbano,Indígena,0.5354
COL,Nueva Vida,NA,2016,periurbano,No indígena,0.4554
COL,Nueva Vida,NA,2016,periurbano,Total,0.4801
COL,Nueva Vida,NA,2017,periurbano,Indígena,0.4216
COL,Nueva Vida,NA,2017,periurbano,No indígena,0.3416
COL,Nueva Vida,NA,2017,periurbano,Total,0.3662
COL,Nueva Vida,NA,2018,periurbano,Indígena,0.4102
COL,Nueva Vida,NA,2018,periurbano,No indígena,0.3302
COL,Nueva Vida,NA,2018,periurbano,Total,0.3538
COL,Nueva Vida,NA,2019,periurbano,Indígena,0.4397
COL,Nueva Vida,NA,2019,periurbano,No indígena,0.3597
COL,Nueva Vida,NA,2019,periurbano,Total,0.3833
COL,Nueva Vida,NA,2020,periurbano,Indígena,0.4541
COL,Nueva Vida,NA,2020,periurbano,No indígena,0.3741
COL,Nueva Vida,NA,2020,periurbano,Total,0.3974
COL,Nueva Vida,NA,2021,periurbano,Indígena,0.4511
COL,Nueva Vida,NA,2021,periurbano,No indígena,0.3711
COL,Nueva Vida,NA,2021,periurbano,Total,0.3951
COL,Nueva Vida,NA,2022,periurbano,Indígena,0.3989
COL,Nueva Vida,NA,2022,periurbano,No indígena,0.3189
COL,Nueva Vida,NA,2022,periurbano,Total,0.3429
COL,Nueva Vida,NA,2023,periurbano,Indígena,0.5484
COL,Nueva Vida,NA,2023,periurbano,No indígena,0.4684
COL,Nueva Vida,NA,2023,periurbano,Total,0.4924
COL,Nueva Vida,NA,2024,periurbano,Indígena,0.4259
COL,Nueva Vida,NA,2024,periurbano,No indígena,0.3459
COL,Nueva Vida,NA,2024,periurbano,Total,0.3699
COL,Nueva Vida,NA,2025,periurbano,Indígena,0.3512
COL,Nueva Vida,NA,2025,periurbano,No indígena,0.2712
COL,Nueva Vida,NA,2025,periurbano,Total,0.2952
COL,Plaza del Valle,NA,2016,rural,Indígena,0.4695
COL,Plaza del Valle,NA,2016,rural,No indígena,0.3895
COL,Plaza del Valle,NA,2016,rural,Total,0.4257
COL,Plaza del Valle,NA,2017,rural,Indígena,0.5325
COL,Plaza del Valle,NA,2017,rural,No indígena,0.4525
COL,Plaza del Valle,NA,2017,rural,Total,0.4887
COL,Plaza del Valle,NA,2018,rural,Indígena,0.7778
COL,Plaza del Valle,NA,2018,rural,No indígena,0.6978
COL,Plaza del Valle,NA,2018,rural,Total,0.7339
COL,Plaza del Valle,NA,2019,rural,Indígena,0.6297
COL,Plaza del Valle,NA,2019,rural,No indígena,0.5497
COL,Plaza del Valle,NA,2019,rural,Total,0.5858
COL,Plaza del Valle,NA,2020,rural,Indígena,0.8968
COL,Plaza del Valle,NA,2020,rural,No indígena,0.8168
COL,Plaza del Valle,NA,2020,rural,Total,0.8527
COL,Plaza del Valle,NA,2021,rural,Indígena,0.9
COL,Plaza del Valle,NA,2021,rural,No indígena,0.8525
COL,Plaza del Valle,NA,2021,rural,Total,0.8738
COL,Plaza del Valle,NA,2022,rural,Indígena,0.8031
COL,Plaza del Valle,NA,2022,rural,No indígena,0.7231
COL,Plaza del Valle,NA,2022,rural,Total,0.7593
COL,Plaza del Valle,NA,2023,rural,Indígena,0.7609
COL,Plaza del Valle,NA,2023,rural,No indígena,0.6809
COL,Plaza del Valle,NA,2023,rural,Total,0.7168
COL,Plaza del Valle,NA,2024,rural,Indígena,0.7885
COL,Plaza del Valle,NA,2024,rural,No indígena,0.7085
COL,Plaza del Valle,NA,2024,rural,Total,0.7443
COL,Plaza del Valle,NA,2025,rural,Indígena,0.5514
COL,Plaza del Valle,NA,2025,rural,No indígena,0.4714
COL,Plaza del Valle,NA,2025,rural,Total,0.5073
COL,San Isidro,NA,2016,rural,Indígena,0.6889
COL,San Isidro,NA,2016,rural,No indígena,0.6089
COL,San Isidro,NA,2016,rural,Total,0.6453
COL,San Isidro,NA,2017,rural,Indígena,0.7305
COL,San Isidro,NA,2017,rural,No indígena,0.6505
COL,San Isidro,NA,2017,rural,Total,0.6869
COL,San Isidro,NA,2018,rural,Indígena,0.5623
COL,San Isidro,NA,2018,rural,No indígena,0.4823
COL,San Isidro,NA,2018,rural,Total,0.5187
COL,San Isidro,NA,2019,rural,Indígena,0.6754
COL,San Isidro,NA,2019,rural,No indígena,0.5954
COL,San Isidro,NA,2019,rural,Total,0.6318
COL,San Isidro,NA,2020,rural,Indígena,0.7695
COL,San Isidro,NA,2020,rural,No indígena,0.6895
COL,San Isidro,NA,2020,rural,Total,0.7255
COL,San Isidro,NA,2021,rural,Indígena,0.81
COL,San Isidro,NA,2021,rural,No indígena,0.73
COL,San Isidro,NA,2021,rural,Total,0.766
COL,San Isidro,NA,2022,rural,Indígena,0.5895
COL,San Isidro,NA,2022,rural,No indígena,0.5095
COL,San Isidro,NA,2022,rural,Total,0.5455
COL,San Isidro,NA,2023,rural,Indígena,0.5599
COL,San Isidro,NA,2023,rural,No indígena,0.4799
COL,San Isidro,NA,2023,rural,Total,0.5159
COL,San Isidro,NA,2024,rural,Indígena,0.7136
COL,San Isidro,NA,2024,rural,No indígena,0.6336
COL,San Isidro,NA,2024,rural,Total,0.6696
COL,San Isidro,NA,2025,rural,Indígena,0.8194
COL,San Isidro,NA,2025,rural,No indígena,0.7394
COL,San Isidro,NA,2025,rural,Total,0.7754
COL,San Joaquín,NA,2016,periurbano,Indígena,0.3838
COL,San Joaquín,NA,2016,periurbano,No indígena,0.3038
COL,San Joaquín,NA,2016,periurbano,Total,0.3278
COL,San Joaquín,NA,2017,periurbano,Indígena,0.3994
COL,San Joaquín,NA,2017,periurbano,No indígena,0.3194
COL,San Joaquín,NA,2017,periurbano,Total,0.3434
COL,San Joaquín,NA,2018,periurbano,Indígena,0.427
COL,San Joaquín,NA,2018,periurbano,No indígena,0.347
COL,San Joaquín,NA,2018,periurbano,Total,0.371
COL,San Joaquín,NA,2019,periurbano,Indígena,0.4247
COL,San Joaquín,NA,2019,periurbano,No indígena,0.3447
COL,San Joaquín,NA,2019,periurbano,Total,0.36870000000000003
COL,San Joaquín,NA,2020,periurbano,Indígena,0.3946
COL,San Joaquín,NA,2020,periurbano,No indígena,0.3146
COL,San Joaquín,NA,2020,periurbano,Total,0.3389
COL,San Joaquín,NA,2021,periurbano,Indígena,0.5146
COL,San Joaquín,NA,2021,periurbano,No indígena,0.4346
COL,San Joaquín,NA,2021,periurbano,Total,0.4585
COL,San Joaquín,NA,2022,periurbano,Indígena,0.5125
COL,San Joaquín,NA,2022,periurbano,No indígena,0.4325
COL,San Joaquín,NA,2022,periurbano,Total,0.4559
COL,San Joaquín,NA,2023,periurbano,Indígena,0.2316
COL,San Joaquín,NA,2023,periurbano,No indígena,0.1516
COL,San Joaquín,NA,2023,periurbano,Total,0.175
COL,San Joaquín,NA,2024,periurbano,Indígena,0.2916
COL,San Joaquín,NA,2024,periurbano,No indígena,0.2116
COL,San Joaquín,NA,2024,periurbano,Total,0.2354
COL,San Joaquín,NA,2025,periurbano,Indígena,0.5445
COL,San Joaquín,NA,2025,periurbano,No indígena,0.4645
COL,San Joaquín,NA,2025,periurbano,Total,0.4884
COL,San Martín del Valle,NA,2016,Total,Indígena,0.5334
COL,San Martín del Valle,NA,2016,Total,No indígena,0.3834
COL,San Martín del Valle,NA,2016,Total,Total,0.4308
COL,San Martín del Valle,NA,2016,periurbano,Indígena,0.4819
COL,San Martín del Valle,NA,2016,periurbano,No indígena,0.4018
COL,San Martín del Valle,NA,2016,periurbano,Total,0.4258
COL,San Martín del Valle,NA,2016,rural,Indígena,0.6574
COL,San Martín del Valle,NA,2016,rural,No indígena,0.5823
COL,San Martín del Valle,NA,2016,rural,Total,0.6159
COL,San Martín del Valle,NA,2016,urbano,Indígena,0.2173
COL,San Martín del Valle,NA,2016,urbano,No indígena,0.1372
COL,San Martín del Valle,NA,2016,urbano,Total,0.149
COL,San Martín del Valle,NA,2017,Total,Indígena,0.5411
COL,San Martín del Valle,NA,2017,Total,No indígena,0.3926
COL,San Martín del Valle,NA,2017,Total,Total,0.4396
COL,San Martín del Valle,NA,2017,periurbano,Indígena,0.5087
COL,San Martín del Valle,NA,2017,periurbano,No indígena,0.4288
COL,San Martín del Valle,NA,2017,periurbano,Total,0.4527
COL,San Martín del Valle,NA,2017,rural,Indígena,0.6473
COL,San Martín del Valle,NA,2017,rural,No indígena,0.5728
COL,San Martín del Valle,NA,2017,rural,Total,0.6063
COL,San Martín del Valle,NA,2017,urbano,Indígena,0.207
COL,San Martín del Valle,NA,2017,urbano,No indígena,0.1271
COL,San Martín del Valle,NA,2017,urbano,Total,0.139
COL,San Martín del Valle,NA,2018,Total,Indígena,0.5239
COL,San Martín del Valle,NA,2018,Total,No indígena,0.3761
COL,San Martín del Valle,NA,2018,Total,Total,0.423
COL,San Martín del Valle,NA,2018,periurbano,Indígena,0.4737
COL,San Martín del Valle,NA,2018,periurbano,No indígena,0.3934
COL,San Martín del Valle,NA,2018,periurbano,Total,0.4175
COL,San Martín del Valle,NA,2018,rural,Indígena,0.6422
COL,San Martín del Valle,NA,2018,rural,No indígena,0.5628
COL,San Martín del Valle,NA,2018,rural,Total,0.5986
COL,San Martín del Valle,NA,2018,urbano,Indígena,0.2262
COL,San Martín del Valle,NA,2018,urbano,No indígena,0.1463
COL,San Martín del Valle,NA,2018,urbano,Total,0.1582
COL,San Martín del Valle,NA,2019,Total,Indígena,0.5275
COL,San Martín del Valle,NA,2019,Total,No indígena,0.3778
COL,San Martín del Valle,NA,2019,Total,Total,0.4254
COL,San Martín del Valle,NA,2019,periurbano,Indígena,0.4685
COL,San Martín del Valle,NA,2019,periurbano,No indígena,0.3888
COL,San Martín del Valle,NA,2019,periurbano,Total,0.4128
COL,San Martín del Valle,NA,2019,rural,Indígena,0.6565
COL,San Martín del Valle,NA,2019,rural,No indígena,0.5774
COL,San Martín del Valle,NA,2019,rural,Total,0.6131
COL,San Martín del Valle,NA,2019,urbano,Indígena,0.2291
COL,San Martín del Valle,NA,2019,urbano,No indígena,0.1491
COL,San Martín del Valle,NA,2019,urbano,Total,0.1611
COL,San Martín del Valle,NA,2020,Total,Indígena,0.5816
COL,San Martín del Valle,NA,2020,Total,No indígena,0.4255
COL,San Martín del Valle,NA,2020,Total,Total,0.475
COL,San Martín del Valle,NA,2020,periurbano,Indígena,0.5233
COL,San Martín del Valle,NA,2020,periurbano,No indígena,0.4427
COL,San Martín del Valle,NA,2020,periurbano,Total,0.4669
COL,San Martín del Valle,NA,2020,rural,Indígena,0.7172
COL,San Martín del Valle,NA,2020,rural,No indígena,0.6365
COL,San Martín del Valle,NA,2020,rural,Total,0.6727
COL,San Martín del Valle,NA,2020,urbano,Indígena,0.2487
COL,San Martín del Valle,NA,2020,urbano,No indígena,0.1688
COL,San Martín del Valle,NA,2020,urbano,Total,0.1807
COL,San Martín del Valle,NA,2021,Total,Indígena,0.5656
COL,San Martín del Valle,NA,2021,Total,No indígena,0.4078
COL,San Martín del Valle,NA,2021,Total,Total,0.4577
COL,San Martín del Valle,NA,2021,periurbano,Indígena,0.5114
COL,San Martín del Valle,NA,2021,periurbano,No indígena,0.4314
COL,San Martín del Valle,NA,2021,periurbano,Total,0.4555
COL,San Martín del Valle,NA,2021,rural,Indígena,0.7027
COL,San Martín del Valle,NA,2021,rural,No indígena,0.6309
COL,San Martín del Valle,NA,2021,rural,Total,0.6631
COL,San Martín del Valle,NA,2021,urbano,Indígena,0.2065
COL,San Martín del Valle,NA,2021,urbano,No indígena,0.1263
COL,San Martín del Valle,NA,2021,urbano,Total,0.1382
COL,San Martín del Valle,NA,2022,Total,Indígena,0.5376
COL,San Martín del Valle,NA,2022,Total,No indígena,0.3875
COL,San Martín del Valle,NA,2022,Total,Total,0.4351
COL,San Martín del Valle,NA,2022,periurbano,Indígena,0.4761
COL,San Martín del Valle,NA,2022,periurbano,No indígena,0.3965
COL,San Martín del Valle,NA,2022,periurbano,Total,0.4203
COL,San Martín del Valle,NA,2022,rural,Indígena,0.671
COL,San Martín del Valle,NA,2022,rural,No indígena,0.5967
COL,San Martín del Valle,NA,2022,rural,Total,0.6302
COL,San Martín del Valle,NA,2022,urbano,Indígena,0.233
COL,San Martín del Valle,NA,2022,urbano,No indígena,0.1532
COL,San Martín del Valle,NA,2022,urbano,Total,0.1653
COL,San Martín del Valle,NA,2023,Total,Indígena,0.5299
COL,San Martín del Valle,NA,2023,Total,No indígena,0.3735
COL,San Martín del Valle,NA,2023,Total,Total,0.4231
COL,San Martín del Valle,NA,2023,periurbano,Indígena,0.4585
COL,San Martín del Valle,NA,2023,periurbano,No indígena,0.3782
COL,San Martín del Valle,NA,2023,periurbano,Total,0.4022
COL,San Martín del Valle,NA,2023,rural,Indígena,0.6775
COL,San Martín del Valle,NA,2023,rural,No indígena,0.5976
COL,San Martín del Valle,NA,2023,rural,Total,0.6336
COL,San Martín del Valle,NA,2023,urbano,Indígena,0.2134
COL,San Martín del Valle,NA,2023,urbano,No indígena,0.1334
COL,San Martín del Valle,NA,2023,urbano,Total,0.1457
COL,San Martín del Valle,NA,2024,Total,Indígena,0.5514
COL,San Martín del Valle,NA,2024,Total,No indígena,0.3873
COL,San Martín del Valle,NA,2024,Total,Total,0.4394
COL,San Martín del Valle,NA,2024,periurbano,Indígena,0.4766
COL,San Martín del Valle,NA,2024,periurbano,No indígena,0.3968
COL,San Martín del Valle,NA,2024,periurbano,Total,0.4208
COL,San Martín del Valle,NA,2024,rural,Indígena,0.7085
COL,San Martín del Valle,NA,2024,rural,No indígena,0.6284
COL,San Martín del Valle,NA,2024,rural,Total,0.6646
COL,San Martín del Valle,NA,2024,urbano,Indígena,0.1992
COL,San Martín del Valle,NA,2024,urbano,No indígena,0.119
COL,San Martín del Valle,NA,2024,urbano,Total,0.1311
COL,San Martín del Valle,NA,2025,Total,Indígena,0.566
COL,San Martín del Valle,NA,2025,Total,No indígena,0.4045
COL,San Martín del Valle,NA,2025,Total,Total,0.4557
COL,San Martín del Valle,NA,2025,periurbano,Indígena,0.5137
COL,San Martín del Valle,NA,2025,periurbano,No indígena,0.4341
COL,San Martín del Valle,NA,2025,periurbano,Total,0.458
COL,San Martín del Valle,NA,2025,rural,Indígena,0.7064
COL,San Martín del Valle,NA,2025,rural,No indígena,0.6322
COL,San Martín del Valle,NA,2025,rural,Total,0.6656
COL,San Martín del Valle,NA,2025,urbano,Indígena,0.184
COL,San Martín del Valle,NA,2025,urbano,No indígena,0.1038
COL,San Martín del Valle,NA,2025,urbano,Total,0.116
COL,San Rafael,NA,2016,urbano,Indígena,0.2272
COL,San Rafael,NA,2016,urbano,No indígena,0.1472
COL,San Rafael,NA,2016,urbano,Total,0.1591
COL,San Rafael,NA,2017,urbano,Indígena,0.2125
COL,San Rafael,NA,2017,urbano,No indígena,0.1325
COL,San Rafael,NA,2017,urbano,Total,0.1443
COL,San Rafael,NA,2018,urbano,Indígena,0.2489
COL,San Rafael,NA,2018,urbano,No indígena,0.1689
COL,San Rafael,NA,2018,urbano,Total,0.1809
COL,San Rafael,NA,2019,urbano,Indígena,0.2706
COL,San Rafael,NA,2019,urbano,No indígena,0.1906
COL,San Rafael,NA,2019,urbano,Total,0.2026
COL,San Rafael,NA,2020,urbano,Indígena,0.2666
COL,San Rafael,NA,2020,urbano,No indígena,0.1866
COL,San Rafael,NA,2020,urbano,Total,0.1986
COL,San Rafael,NA,2021,urbano,Indígena,0.1924
COL,San Rafael,NA,2021,urbano,No indígena,0.1124
COL,San Rafael,NA,2021,urbano,Total,0.1241
COL,San Rafael,NA,2022,urbano,Indígena,0.3104
COL,San Rafael,NA,2022,urbano,No indígena,0.2304
COL,San Rafael,NA,2022,urbano,Total,0.2425
COL,San Rafael,NA,2023,urbano,Indígena,0.1698
COL,San Rafael,NA,2023,urbano,No indígena,0.0898
COL,San Rafael,NA,2023,urbano,Total,0.1021
COL,San Rafael,NA,2024,urbano,Indígena,0.189
COL,San Rafael,NA,2024,urbano,No indígena,0.109
COL,San Rafael,NA,2024,urbano,Total,0.1212
COL,San Rafael,NA,2025,urbano,Indígena,0.1794
COL,San Rafael,NA,2025,urbano,No indígena,0.0994
COL,San Rafael,NA,2025,urbano,Total,0.1118
COL,Santa Ana,NA,2016,rural,Indígena,0.6687
COL,Santa Ana,NA,2016,rural,No indígena,0.5887
COL,Santa Ana,NA,2016,rural,Total,0.6235
COL,Santa Ana,NA,2017,rural,Indígena,0.5965
COL,Santa Ana,NA,2017,rural,No indígena,0.5165
COL,Santa Ana,NA,2017,rural,Total,0.5528
COL,Santa Ana,NA,2018,rural,Indígena,0.6168
COL,Santa Ana,NA,2018,rural,No indígena,0.5368
COL,Santa Ana,NA,2018,rural,Total,0.5731
COL,Santa Ana,NA,2019,rural,Indígena,0.7506
COL,Santa Ana,NA,2019,rural,No indígena,0.6706
COL,Santa Ana,NA,2019,rural,Total,0.707
COL,Santa Ana,NA,2020,rural,Indígena,0.7677
COL,Santa Ana,NA,2020,rural,No indígena,0.6877
COL,Santa Ana,NA,2020,rural,Total,0.722
COL,Santa Ana,NA,2021,rural,Indígena,0.6719
COL,Santa Ana,NA,2021,rural,No indígena,0.5919
COL,Santa Ana,NA,2021,rural,Total,0.6283
COL,Santa Ana,NA,2022,rural,Indígena,0.5444
COL,Santa Ana,NA,2022,rural,No indígena,0.4644
COL,Santa Ana,NA,2022,rural,Total,0.5007
COL,Santa Ana,NA,2023,rural,Indígena,0.6373
COL,Santa Ana,NA,2023,rural,No indígena,0.5573
COL,Santa Ana,NA,2023,rural,Total,0.5936
COL,Santa Ana,NA,2024,rural,Indígena,0.7651
COL,Santa Ana,NA,2024,rural,No indígena,0.6851
COL,Santa Ana,NA,2024,rural,Total,0.7215
COL,Santa Ana,NA,2025,rural,Indígena,0.698
COL,Santa Ana,NA,2025,rural,No indígena,0.618
COL,Santa Ana,NA,2025,rural,Total,0.6543
COL,Santa Elena,NA,2016,periurbano,Indígena,0.3624
COL,Santa Elena,NA,2016,periurbano,No indígena,0.2824
COL,Santa Elena,NA,2016,periurbano,Total,0.3068
COL,Santa Elena,NA,2017,periurbano,Indígena,0.5068
COL,Santa Elena,NA,2017,periurbano,No indígena,0.4268
COL,Santa Elena,NA,2017,periurbano,Total,0.4502
COL,Santa Elena,NA,2018,periurbano,Indígena,0.4002
COL,Santa Elena,NA,2018,periurbano,No indígena,0.3202
COL,Santa Elena,NA,2018,periurbano,Total,0.3436
COL,Santa Elena,NA,2019,periurbano,Indígena,0.4929
COL,Santa Elena,NA,2019,periurbano,No indígena,0.4129
COL,Santa Elena,NA,2019,periurbano,Total,0.4367
COL,Santa Elena,NA,2020,periurbano,Indígena,0.5373
COL,Santa Elena,NA,2020,periurbano,No indígena,0.4573
COL,Santa Elena,NA,2020,periurbano,Total,0.481
COL,Santa Elena,NA,2021,periurbano,Indígena,0.5753
COL,Santa Elena,NA,2021,periurbano,No indígena,0.4953
COL,Santa Elena,NA,2021,periurbano,Total,0.5196
COL,Santa Elena,NA,2022,periurbano,Indígena,0.4426
COL,Santa Elena,NA,2022,periurbano,No indígena,0.3626
COL,Santa Elena,NA,2022,periurbano,Total,0.3865
COL,Santa Elena,NA,2023,periurbano,Indígena,0.497
COL,Santa Elena,NA,2023,periurbano,No indígena,0.417
COL,Santa Elena,NA,2023,periurbano,Total,0.4413
COL,Santa Elena,NA,2024,periurbano,Indígena,0.5999
COL,Santa Elena,NA,2024,periurbano,No indígena,0.5199
COL,Santa Elena,NA,2024,periurbano,Total,0.5442
COL,Santa Elena,NA,2025,periurbano,Indígena,0.5868
COL,Santa Elena,NA,2025,periurbano,No indígena,0.5068
COL,Santa Elena,NA,2025,periurbano,Total,0.5311
COL,Santa Lucía,NA,2016,rural,Indígena,0.541
COL,Santa Lucía,NA,2016,rural,No indígena,0.461
COL,Santa Lucía,NA,2016,rural,Total,0.4972
COL,Santa Lucía,NA,2017,rural,Indígena,0.6146
COL,Santa Lucía,NA,2017,rural,No indígena,0.5346
COL,Santa Lucía,NA,2017,rural,Total,0.5707
COL,Santa Lucía,NA,2018,rural,Indígena,0.5533
COL,Santa Lucía,NA,2018,rural,No indígena,0.4733
COL,Santa Lucía,NA,2018,rural,Total,0.5094
COL,Santa Lucía,NA,2019,rural,Indígena,0.534
COL,Santa Lucía,NA,2019,rural,No indígena,0.454
COL,Santa Lucía,NA,2019,rural,Total,0.4901
COL,Santa Lucía,NA,2020,rural,Indígena,0.4619
COL,Santa Lucía,NA,2020,rural,No indígena,0.3819
COL,Santa Lucía,NA,2020,rural,Total,0.4178
COL,Santa Lucía,NA,2021,rural,Indígena,0.5544
COL,Santa Lucía,NA,2021,rural,No indígena,0.4744
COL,Santa Lucía,NA,2021,rural,Total,0.5102
COL,Santa Lucía,NA,2022,rural,Indígena,0.6088
COL,Santa Lucía,NA,2022,rural,No indígena,0.5288
COL,Santa Lucía,NA,2022,rural,Total,0.5649
COL,Santa Lucía,NA,2023,rural,Indígena,0.5449
COL,Santa Lucía,NA,2023,rural,No indígena,0.4649
COL,Santa Lucía,NA,2023,rural,Total,0.501
COL,Santa Lucía,NA,2024,rural,Indígena,0.5938
COL,Santa Lucía,NA,2024,rural,No indígena,0.5138
COL,Santa Lucía,NA,2024,rural,Total,0.55
COL,Santa Lucía,NA,2025,rural,Indígena,0.7106
COL,Santa Lucía,NA,2025,rural,No indígena,0.6306
COL,Santa Lucía,NA,2025,rural,Total,0.6665
COL,Santa Rosa,NA,2016,periurbano,Indígena,0.5147
COL,Santa Rosa,NA,2016,periurbano,No indígena,0.4347
COL,Santa Rosa,NA,2016,periurbano,Total,0.4585
COL,Santa Rosa,NA,2017,periurbano,Indígena,0.8018
COL,Santa Rosa,NA,2017,periurbano,No indígena,0.7218
COL,Santa Rosa,NA,2017,periurbano,Total,0.7456
COL,Santa Rosa,NA,2018,periurbano,Indígena,0.5482
COL,Santa Rosa,NA,2018,periurbano,No indígena,0.4682
COL,Santa Rosa,NA,2018,periurbano,Total,0.4919
COL,Santa Rosa,NA,2019,periurbano,Indígena,0.6222
COL,Santa Rosa,NA,2019,periurbano,No indígena,0.5422
COL,Santa Rosa,NA,2019,periurbano,Total,0.5659
COL,Santa Rosa,NA,2020,periurbano,Indígena,0.5702
COL,Santa Rosa,NA,2020,periurbano,No indígena,0.4902
COL,Santa Rosa,NA,2020,periurbano,Total,0.5142
COL,Santa Rosa,NA,2021,periurbano,Indígena,0.6199
COL,Santa Rosa,NA,2021,periurbano,No indígena,0.5399
COL,Santa Rosa,NA,2021,periurbano,Total,0.5635
COL,Santa Rosa,NA,2022,periurbano,Indígena,0.49370000000000003
COL,Santa Rosa,NA,2022,periurbano,No indígena,0.4137
COL,Santa Rosa,NA,2022,periurbano,Total,0.4378
COL,Santa Rosa,NA,2023,periurbano,Indígena,0.4789
COL,Santa Rosa,NA,2023,periurbano,No indígena,0.3989
COL,Santa Rosa,NA,2023,periurbano,Total,0.423
COL,Santa Rosa,NA,2024,periurbano,Indígena,0.5545
COL,Santa Rosa,NA,2024,periurbano,No indígena,0.4745
COL,Santa Rosa,NA,2024,periurbano,Total,0.499
COL,Santa Rosa,NA,2025,periurbano,Indígena,0.5725
COL,Santa Rosa,NA,2025,periurbano,No indígena,0.4925
COL,Santa Rosa,NA,2025,periurbano,Total,0.517
COL,Villa Esperanza,NA,2016,rural,Indígena,0.7924
COL,Villa Esperanza,NA,2016,rural,No indígena,0.7124
COL,Villa Esperanza,NA,2016,rural,Total,0.7476
COL,Villa Esperanza,NA,2017,rural,Indígena,0.6739
COL,Villa Esperanza,NA,2017,rural,No indígena,0.5939
COL,Villa Esperanza,NA,2017,rural,Total,0.6291
COL,Villa Esperanza,NA,2018,rural,Indígena,0.6016
COL,Villa Esperanza,NA,2018,rural,No indígena,0.5216
COL,Villa Esperanza,NA,2018,rural,Total,0.5568
COL,Villa Esperanza,NA,2019,rural,Indígena,0.6061
COL,Villa Esperanza,NA,2019,rural,No indígena,0.5261
COL,Villa Esperanza,NA,2019,rural,Total,0.5613
COL,Villa Esperanza,NA,2020,rural,Indígena,0.6578
COL,Villa Esperanza,NA,2020,rural,No indígena,0.5778
COL,Villa Esperanza,NA,2020,rural,Total,0.6145
COL,Villa Esperanza,NA,2021,rural,Indígena,0.9
COL,Villa Esperanza,NA,2021,rural,No indígena,0.8497
COL,Villa Esperanza,NA,2021,rural,Total,0.8728
COL,Villa Esperanza,NA,2022,rural,Indígena,0.6013
COL,Villa Esperanza,NA,2022,rural,No indígena,0.5213
COL,Villa Esperanza,NA,2022,rural,Total,0.5565
COL,Villa Esperanza,NA,2023,rural,Indígena,0.6705
COL,Villa Esperanza,NA,2023,rural,No indígena,0.5905
COL,Villa Esperanza,NA,2023,rural,Total,0.6271
COL,Villa Esperanza,NA,2024,rural,Indígena,0.6001
COL,Villa Esperanza,NA,2024,rural,No indígena,0.5201
COL,Villa Esperanza,NA,2024,rural,Total,0.5568
COL,Villa Esperanza,NA,2025,rural,Indígena,0.7472
COL,Villa Esperanza,NA,2025,rural,No indígena,0.6672
COL,Villa Esperanza,NA,2025,rural,Total,0.7039
COL,Villa Norte,NA,2016,periurbano,Indígena,0.4915
COL,Villa Norte,NA,2016,periurbano,No indígena,0.4115
COL,Villa Norte,NA,2016,periurbano,Total,0.4351
COL,Villa Norte,NA,2017,periurbano,Indígena,0.487
COL,Villa Norte,NA,2017,periurbano,No indígena,0.407
COL,Villa Norte,NA,2017,periurbano,Total,0.4306
COL,Villa Norte,NA,2018,periurbano,Indígena,0.4816
COL,Villa Norte,NA,2018,periurbano,No indígena,0.4016
COL,Villa Norte,NA,2018,periurbano,Total,0.4252
COL,Villa Norte,NA,2019,periurbano,Indígena,0.385
COL,Villa Norte,NA,2019,periurbano,No indígena,0.305
COL,Villa Norte,NA,2019,periurbano,Total,0.329
COL,Villa Norte,NA,2020,periurbano,Indígena,0.3905
COL,Villa Norte,NA,2020,periurbano,No indígena,0.3105
COL,Villa Norte,NA,2020,periurbano,Total,0.3343
COL,Villa Norte,NA,2021,periurbano,Indígena,0.3987
COL,Villa Norte,NA,2021,periurbano,No indígena,0.3187
COL,Villa Norte,NA,2021,periurbano,Total,0.3431
COL,Villa Norte,NA,2022,periurbano,Indígena,0.3148
COL,Villa Norte,NA,2022,periurbano,No indígena,0.2348
COL,Villa Norte,NA,2022,periurbano,Total,0.2588
COL,Villa Norte,NA,2023,periurbano,Indígena,0.3151
COL,Villa Norte,NA,2023,periurbano,No indígena,0.2351
COL,Villa Norte,NA,2023,periurbano,Total,0.2591
COL,Villa Norte,NA,2024,periurbano,Indígena,0.3592
COL,Villa Norte,NA,2024,periurbano,No indígena,0.2792
COL,Villa Norte,NA,2024,periurbano,Total,0.3036
COL,Villa Norte,NA,2025,periurbano,Indígena,0.2485
COL,Villa Norte,NA,2025,periurbano,No indígena,0.1685
COL,Villa Norte,NA,2025,periurbano,Total,0.1929
COL,Villa Sur,NA,2016,rural,Indígena,0.6679
COL,Villa Sur,NA,2016,rural,No indígena,0.5879
COL,Villa Sur,NA,2016,rural,Total,0.6243
COL,Villa Sur,NA,2017,rural,Indígena,0.7395
COL,Villa Sur,NA,2017,rural,No indígena,0.6595
COL,Villa Sur,NA,2017,rural,Total,0.6959
COL,Villa Sur,NA,2018,rural,Indígena,0.7661
COL,Villa Sur,NA,2018,rural,No indígena,0.6861
COL,Villa Sur,NA,2018,rural,Total,0.7225
COL,Villa Sur,NA,2019,rural,Indígena,0.7151
COL,Villa Sur,NA,2019,rural,No indígena,0.6351
COL,Villa Sur,NA,2019,rural,Total,0.6715
COL,Villa Sur,NA,2020,rural,Indígena,0.6176
COL,Villa Sur,NA,2020,rural,No indígena,0.5376
COL,Villa Sur,NA,2020,rural,Total,0.5736
COL,Villa Sur,NA,2021,rural,Indígena,0.5378
COL,Villa Sur,NA,2021,rural,No indígena,0.4578
COL,Villa Sur,NA,2021,rural,Total,0.4921
COL,Villa Sur,NA,2022,rural,Indígena,0.7579
COL,Villa Sur,NA,2022,rural,No indígena,0.6779
COL,Villa Sur,NA,2022,rural,Total,0.7143
COL,Villa Sur,NA,2023,rural,Indígena,0.6326
COL,Villa Sur,NA,2023,rural,No indígena,0.5526
COL,Villa Sur,NA,2023,rural,Total,0.589
COL,Villa Sur,NA,2024,rural,Indígena,0.6011
COL,Villa Sur,NA,2024,rural,No indígena,0.5211
COL,Villa Sur,NA,2024,rural,Total,0.5575
COL,Villa Sur,NA,2025,rural,Indígena,0.533
COL,Villa Sur,NA,2025,rural,No indígena,0.453
COL,Villa Sur,NA,2025,rural,Total,0.4894
COL,Vista Hermosa,NA,2016,rural,Indígena,0.7353
COL,Vista Hermosa,NA,2016,rural,No indígena,0.6553
COL,Vista Hermosa,NA,2016,rural,Total,0.6915
COL,Vista Hermosa,NA,2017,rural,Indígena,0.7566
COL,Vista Hermosa,NA,2017,rural,No indígena,0.6766
COL,Vista Hermosa,NA,2017,rural,Total,0.7127
COL,Vista Hermosa,NA,2018,rural,Indígena,0.7042
COL,Vista Hermosa,NA,2018,rural,No indígena,0.6242
COL,Vista Hermosa,NA,2018,rural,Total,0.6603
COL,Vista Hermosa,NA,2019,rural,Indígena,0.6687
COL,Vista Hermosa,NA,2019,rural,No indígena,0.5887
COL,Vista Hermosa,NA,2019,rural,Total,0.6248
COL,Vista Hermosa,NA,2020,rural,Indígena,0.7871
COL,Vista Hermosa,NA,2020,rural,No indígena,0.7071
COL,Vista Hermosa,NA,2020,rural,Total,0.743
COL,Vista Hermosa,NA,2021,rural,Indígena,0.5318
COL,Vista Hermosa,NA,2021,rural,No indígena,0.4518
COL,Vista Hermosa,NA,2021,rural,Total,0.4876
COL,Vista Hermosa,NA,2022,rural,Indígena,0.4909
COL,Vista Hermosa,NA,2022,rural,No indígena,0.4109
COL,Vista Hermosa,NA,2022,rural,Total,0.447
COL,Vista Hermosa,NA,2023,rural,Indígena,0.6371
COL,Vista Hermosa,NA,2023,rural,No indígena,0.5571
COL,Vista Hermosa,NA,2023,rural,Total,0.5932
COL,Vista Hermosa,NA,2024,rural,Indígena,0.5656
COL,Vista Hermosa,NA,2024,rural,No indígena,0.4856
COL,Vista Hermosa,NA,2024,rural,Total,0.5217
COL,Vista Hermosa,NA,2025,rural,Indígena,0.5036
COL,Vista Hermosa,NA,2025,rural,No indígena,0.4236
COL,Vista Hermosa,NA,2025,rural,Total,0.4597
