anio,territorio,valor,cobertura_bruta,cobertura_neta,desercion,aprobacion,reprobacion,repitencia,nacimientos
2024,Neiva,49.6031746031746,99.11,90.07,5.75,86.28,7.98,9.14,4032
2024,Acevedo,0,112.22,103.83,4.64,92.4,2.97,5.4,469
2024,Agrado,0,91.11,82.08,2.2,90.57,7.23,7.93,97
2024,Aipe,0,86.75,81.41,5.32,88.61,6.07,7.64,180
2024,Algeciras,0,81.39,76.73,3.17,89.47,7.36,6.36,254
2024,Altamira,0,71.27,66.97,4.13,90,5.87,7.62,28
2024,Baraya,0,60.16,56.25,4.19,85.2,10.61,6.42,49
2024,Campoalegre,0,86.86,79.07,3.88,89.11,7.01,8.21,310
2024,Colombia,0,86.29,81.49,4.21,91.65,4.14,6.28,64
2024,Elías,0,77.84,74.37,1.89,91.36,6.75,5.67,38
2024,Garzón,0,93.09,86.33,3.96,89.97,6.08,6.23,813
2024,Gigante,0,96.88,86.4,4.44,90.35,5.2,5.55,241
2024,Guadalupe,0,87.39,80.76,3.08,92.09,4.83,7.08,237
2024,Hobo,0,83.93,80.53,3.91,87.92,8.17,6.93,95
2024,Íquira,0,97.29,90.2,5.2,86.37,8.43,9.07,157
2024,Isnos,0,96.05,87.38,4.4,91.93,3.68,4.85,305
2024,La Argentina,671.1409395973154,90.93,83.06,4.78,83.07,12.15,10.94,149
2024,La Plata,0,91.24,84.79,3.21,90.86,5.93,5.83,816
2024,Nátaga,0,91.08,86.11,3.18,89.88,6.94,5.91,103
2024,Oporapa,0,77.78,73.39,3.27,91.86,4.87,3.39,171
2024,Paicol,0,79.27,72.32,4.07,92.92,3.01,4.64,60
2024,Palermo,0,111,103.35,4.57,84.79,10.63,9.41,253
2024,Palestina,0,89.31,82.21,3.93,91.93,4.15,5.87,132
2024,Pital,0,93.85,90.11,3.07,89.09,7.84,5.97,157
2024,Pitalito,53.361792956243335,109.55,98.2,4.64,87.24,8.12,9.23,1874
2024,Rivera,0,109.08,102.33,4.85,83.92,11.23,10.57,212
2024,Saladoblanco,0,92.44,86.18,5.21,84.89,9.9,6.54,177
2024,San Agustín,664.4518272425249,89.82,84.65,3.7,92.1,4.2,4.43,301
2024,Santa María,0,85.49,82.26,3.97,91.51,4.52,5.26,119
2024,Suaza,312.5,100.94,95.11,4.96,91.55,3.48,8.87,320
2024,Tarqui,0,78.57,74.65,4.5,87.78,7.72,6.75,180
2024,Tesalia,0,79.3,74.78,3.75,88.44,7.81,4.88,102
2024,Tello,0,83.38,76.78,5.48,89.5,5.03,7.31,113
2024,Teruel,0,75.68,70.27,5.4,83.14,11.46,8.8,66
2024,Timaná,0,83.68,76.87,4.26,86.34,9.39,8.28,213
2024,Villavieja,0,93.35,83.96,3.63,90.68,5.69,9.98,46
2024,Yaguará,0,89.96,83.2,2.2,90.3,7.51,8.25,45
2023,Neiva,22.075055187637968,102.38,92.61,5.13,85.53,9.34,9.66,4530
2023,Acevedo,190.47619047619048,119.93,106.67,4.35,92.2,3.45,5.7,525
2023,Agrado,0,94.01,83.43,2.67,89.64,7.69,7.53,134
2023,Aipe,0,93.19,85.21,4.66,88.16,7.18,7.59,202
2023,Algeciras,0,87.96,82.35,4.75,86.99,8.26,10.36,353
2023,Altamira,0,71.66,67.23,5.38,94.15,0.47,7.28,35
2023,Baraya,0,62.35,59.01,4.93,83.82,11.25,10.12,64
2023,Campoalegre,0,93.97,81.62,5.01,87.88,7.11,8.84,378
2023,Colombia,0,86.44,83.03,7.95,87.11,4.94,8.02,83
2023,Elías,0,84.69,79.94,2.87,90.02,7.11,5.49,41
2023,Garzón,0,96.29,88.56,4.18,90.01,5.82,6.64,924
2023,Gigante,0,100.62,89.73,4.44,90.08,5.48,7.11,286
2023,Guadalupe,384.61538461538464,92.91,85.08,4.24,87.96,7.8,7.43,260
2023,Hobo,0,96.88,83.18,2.31,90.75,6.94,7,97
2023,Íquira,0,99.22,92.52,4.72,83.6,11.68,9.75,164
2023,Isnos,0,99.4,89.51,4.33,92.09,3.58,6.95,388
2023,La Argentina,0,95.46,84.65,6.17,77.46,16.36,9.98,183
2023,La Plata,94.7867298578199,94.41,86.46,3.48,89.4,7.13,5.95,1055
2023,Nátaga,0,100.72,92.37,3.94,88.86,7.2,7.57,93
2023,Oporapa,0,78.85,74.68,2.41,94.13,3.46,3.58,208
2023,Paicol,0,84.67,78.16,2.66,92.31,5.02,5.63,82
2023,Palermo,0,115.53,105.64,4.72,85.02,10.26,11.16,298
2023,Palestina,0,91.9,85.3,5.39,89.72,4.89,7.5,133
2023,Pital,0,98.02,91.81,3.39,90.51,6.1,6.03,170
2023,Pitalito,47.7326968973747,112.07,99.83,4.64,85.31,10.05,10.59,2095
2023,Rivera,0,111.15,103.31,4.81,82.3,12.9,10.86,248
2023,Saladoblanco,0,91.55,86.42,3.06,88.4,8.54,8.98,180
2023,San Agustín,0,92.33,86.76,4.09,92.3,3.6,5.07,366
2023,Santa María,0,85.31,81.89,3.17,91.62,5.21,6.24,135
2023,Suaza,0,102.8,95.37,4.45,89.62,5.93,9.93,356
2023,Tarqui,0,84.33,78.26,4.47,85.77,9.76,6.33,238
2023,Tesalia,0,86.07,79.74,3.48,90.92,5.6,4.69,141
2023,Tello,0,93.29,81.63,8.23,86.47,5.3,6.51,108
2023,Teruel,0,80.13,74.81,5.51,83.96,10.53,13.65,96
2023,Timaná,0,89.8,80.74,5.37,86.29,8.34,7.91,296
2023,Villavieja,0,99.78,88.12,4.43,85,10.57,10.02,56
2023,Yaguará,0,95.19,83.12,3.53,88.72,7.74,7.89,67
2022,Neiva,0,104.01,93.5,4.96,84.61,10.43,9.61,4836
2022,Acevedo,0,119.78,109,5.49,91.14,3.36,4.23,557
2022,Agrado,0,100.84,87.6,6.72,85.01,8.27,9.19,153
2022,Aipe,421.94092827004215,97.05,86.09,4.06,89.72,6.22,5.97,237
2022,Algeciras,0,91.98,84.99,7.34,82.09,10.57,6.55,362
2022,Altamira,0,69.27,64.74,2.13,93.29,4.58,9.33,36
2022,Baraya,0,64.92,61.99,6.34,91.08,2.59,8.67,71
2022,Campoalegre,0,92.64,82.82,6.79,86.35,6.86,9.35,400
2022,Colombia,0,91.53,87.98,6.94,86.04,7.01,6.19,99
2022,Elías,0,90.24,86.96,4.58,89.78,5.64,4.7,50
2022,Garzón,0,99.01,90.87,5.22,88.11,6.67,3.85,1036
2022,Gigante,0,103.06,91.88,5.46,89.14,5.4,4.92,330
2022,Guadalupe,0,97.91,88.05,6.05,86.83,7.12,7.68,290
2022,Hobo,0,90.13,86.3,4.9,89.62,5.48,3.67,112
2022,Íquira,537.6344086021505,103.48,95.39,6.89,81.97,11.15,7.72,186
2022,Isnos,0,105.98,93.58,5.62,85.12,9.27,6.49,386
2022,La Argentina,523.5602094240838,95.94,86.08,5.05,82.09,12.86,6.73,191
2022,La Plata,0,95.62,87.95,3.6,90.31,6.08,5.87,1155
2022,Nátaga,0,102.76,94.79,3.9,88.11,7.99,4.26,101
2022,Oporapa,0,81.29,77.37,4.56,92.25,3.19,1.36,213
2022,Paicol,0,86.82,79.47,3.1,91.95,4.95,2.51,73
2022,Palermo,0,119.45,109.56,5.72,81.95,12.33,9.18,319
2022,Palestina,0,97.04,89.04,7.05,87.73,5.22,5.35,162
2022,Pital,0,101.17,93.01,4.14,89.36,6.5,6.83,197
2022,Pitalito,0,112.34,99.46,4.67,83.62,11.71,7.33,2199
2022,Rivera,0,110.98,102.69,4.81,83.72,11.47,7.93,295
2022,Saladoblanco,0,95.15,88.7,5.36,83.97,10.68,8.19,210
2022,San Agustín,0,94.19,87.56,5.67,89.56,4.76,3.9,387
2022,Santa María,0,86.99,82,5.02,90.29,4.69,4.83,153
2022,Suaza,0,102.88,93.39,5.44,86.73,7.83,4.11,361
2022,Tarqui,403.22580645161287,90.42,82.45,4.68,86.6,8.72,4.49,248
2022,Tesalia,0,88.67,81.72,3.85,91.77,4.38,2.85,122
2022,Tello,0,92.82,85.32,6.49,88.85,4.66,4.42,147
2022,Teruel,900.9009009009009,82.55,77.69,9.03,78.45,12.52,9.57,111
2022,Timaná,0,89.4,79.79,4.98,86.86,8.16,7.28,300
2022,Villavieja,0,98.91,93.21,7.08,87.01,5.9,10.18,67
2022,Yaguará,0,90.77,81.28,3.29,89.6,7.11,6.04,67
2021,Nacional,73.9162995166263,10287,0.919,0.0358,0.8835,0.0806,0.0494,616914
2021,Neiva,98.61932938856016,107.1,95.4,5.5,81.02,13.48,5.65,5070
2021,Acevedo,0,125.68,114.23,7.54,85.94,6.52,4.63,675
2021,Agrado,0,108.89,92.6,4.6,81.27,14.14,9.59,145
2021,Aipe,0,100,88.87,4.09,88.2,7.71,2.93,244
2021,Algeciras,0,96.59,88.92,9.93,80.45,9.62,6.57,333
2021,Altamira,0,74.77,69.07,1.09,85.07,13.84,3.11,48
2021,Baraya,0,74.27,67.66,10.81,79.08,10.11,14.31,89
2021,Campoalegre,0,97.34,87.06,8.87,79.18,11.95,7.9,434
2021,Colombia,0,92.89,88.2,4.28,85.12,10.6,2.95,99
2021,Elías,0,86.87,82.56,8.07,87.33,4.6,6.69,58
2021,Garzón,79.1765637371338,101.79,92.73,6.26,88.05,5.69,3.34,1263
2021,Gigante,0,110.95,97.72,6.86,87.17,5.97,5.92,363
2021,Guadalupe,0,99.66,91.16,4.08,83.64,12.29,6.56,294
2021,Hobo,0,93.88,87.59,16.63,79.92,3.44,3.44,108
2021,Íquira,0,112.64,102.95,8.41,81.72,9.86,3.19,208
2021,Isnos,0,107.46,95.19,6.04,85.57,8.39,5.91,439
2021,La Argentina,0,99.78,90.02,8.33,82.19,9.48,7.4,269
2021,La Plata,85.6898029134533,98.11,89.77,4.01,85.77,10.21,3.76,1167
2021,Nátaga,0,106.76,95.7,4.42,88.12,7.45,2.91,92
2021,Oporapa,0,84.3,79.66,3.39,94.65,1.96,1.39,208
2021,Paicol,0,87.25,80.27,2.85,94.31,2.85,0.82,84
2021,Palermo,0,119.71,109.14,3.41,83.13,13.47,6.63,294
2021,Palestina,0,98.13,91,7.07,86.41,6.51,2.17,163
2021,Pital,0,103.3,94.13,4.04,86.4,9.56,1.39,220
2021,Pitalito,0,111.26,98.24,6.7,82.54,10.76,6.51,2302
2021,Rivera,0,109.25,100.19,6.18,84.1,9.72,6.63,310
2021,Saladoblanco,0,99.74,92.27,6,81.69,12.31,4.93,226
2021,San Agustín,0,99.56,91.02,7.32,87.59,5.09,4.56,443
2021,Santa María,0,92.83,85.7,9.42,85.07,5.51,4.46,162
2021,Suaza,258.3979328165375,100.59,90.95,7.72,86.44,5.84,3.59,387
2021,Tarqui,0,95.09,86.8,3.83,89.68,6.5,2.24,284
2021,Tesalia,0,94.56,85.72,3.43,92.9,3.66,2.79,131
2021,Tello,0,101.09,92.18,8.87,86.52,4.61,5.65,149
2021,Teruel,0,91.27,84.65,12.94,74.82,12.24,5.23,125
2021,Timaná,0,92.6,81.64,7.02,82.79,10.19,7.86,275
2021,Villavieja,0,100.53,94.19,6.38,85.74,7.88,7.36,59
2021,Yaguará,0,95.37,86.04,5.95,86.97,7.08,4.74,74
2020,Nacional,64.02903073075713,10268,0.9197,0.0252,0.9071,0.0675,0.0552,629402
2020,Neiva,38.74467260751647,107.14,96.29,2.84,88.48,8.68,8.04,5162
2020,Acevedo,0,119.47,110.18,1.79,92.25,5.96,4.89,542
2020,Agrado,0,100.38,89.01,2.25,78.93,18.82,4.08,144
2020,Aipe,0,92.81,84.92,0.87,97.06,2.07,8.92,229
2020,Algeciras,0,96.4,88.05,2.99,87.97,9.04,7.48,280
2020,Altamira,0,75.17,69.37,0.62,98.92,0.46,10.19,42
2020,Baraya,0,71.4,66.22,1.69,79.98,18.33,9.65,92
2020,Campoalegre,0,99.46,89.55,4.47,85.45,10.08,6.41,384
2020,Colombia,0,89.18,82.27,2.26,94.8,2.94,6.17,102
2020,Elías,0,85.11,81.55,2.28,89.86,7.86,4.82,50
2020,Garzón,0,101.67,91.69,2.7,92.72,4.58,5.45,1147
2020,Gigante,0,106.45,94.42,2.19,88.82,8.99,6.8,313
2020,Guadalupe,0,97.5,88.94,0.75,89.15,10.1,5.42,288
2020,Hobo,0,89.77,81.7,2.41,91.8,5.79,3.86,99
2020,Íquira,0,104.8,95.92,2.21,94.1,3.69,7.42,203
2020,Isnos,0,105.64,93.83,1.68,89.42,8.9,4.98,418
2020,La Argentina,0,98.81,88.93,1.7,87.1,11.2,7.35,222
2020,La Plata,85.32423208191126,97.59,88.44,1.77,91.32,6.91,5.21,1172
2020,Nátaga,0,100.55,92.56,2.48,92.82,4.7,5.4,107
2020,Oporapa,0,84.15,79.64,1.2,97.09,1.71,3.96,204
2020,Paicol,0,85.88,76.51,0.79,98.59,0.63,5.73,72
2020,Palermo,0,118.74,107.46,1.92,88.79,9.29,9.81,296
2020,Palestina,0,100.08,91.99,2.46,94.11,3.43,3.91,206
2020,Pital,0,99.33,90.57,2.82,96.02,1.16,4.55,197
2020,Pitalito,0,115.05,101.48,3.21,86.03,10.76,8.92,2291
2020,Rivera,0,105.8,98.21,3.25,88.49,8.26,8.17,283
2020,Saladoblanco,0,95.86,89.22,2.52,90.14,7.33,7.61,210
2020,San Agustín,0,96.61,88.64,1.05,91.55,7.41,3.26,455
2020,Santa María,0,96.96,88.36,4.44,88.39,7.18,5.76,156
2020,Suaza,573.0659025787966,98.29,88.67,2.53,93.55,3.92,3.24,349
2020,Tarqui,0,93.9,86.31,1.37,95.38,3.25,6.02,285
2020,Tesalia,0,94.34,85.12,0.56,92.85,6.59,3.32,117
2020,Tello,0,97.19,88.57,1.49,90.09,8.42,4.55,158
2020,Teruel,0,87.57,81.53,11.25,82.99,5.76,9.98,118
2020,Timaná,0,93.28,82.98,0.84,86.32,12.84,7.05,272
2020,Villavieja,0,101.59,91.45,2.39,89.89,7.72,10.03,66
2020,Yaguará,0,95.12,84.47,0.53,93.28,6.19,7.41,80
2019,Nacional,50.72666728907976,10448,0.9235,0.0313,0.911,0.0578,0.0222,642660
2019,Neiva,18.528812303131367,108.93,95.63,5.09,83.96,10.95,2.56,5397
2019,Acevedo,0,123.01,112.1,3.67,88.98,7.35,0.37,617
2019,Agrado,0,99.43,88.89,1.09,91.31,7.6,1.46,126
2019,Aipe,0,98.63,87.18,4.71,81.66,13.63,0.72,230
2019,Algeciras,0,97.36,88.78,5.69,83.59,10.71,6,326
2019,Altamira,0,82.18,77.55,3.66,85.21,11.13,1.69,38
2019,Baraya,0,76.76,68.28,5.74,80.49,13.77,9.03,98
2019,Campoalegre,0,100.81,90.38,4.53,87.3,8.17,1.53,422
2019,Colombia,0,93.91,86.16,4.23,86.5,9.27,2.77,82
2019,Elías,0,82.9,80.95,3,90.73,6.27,1.57,34
2019,Garzón,89.20606601248885,104.23,93.41,4.34,87.43,8.23,2.72,1121
2019,Gigante,0,110.95,98.72,5.24,87.01,7.75,3.61,324
2019,Guadalupe,0,99.56,92.2,3.54,86.86,9.6,0.95,281
2019,Hobo,0,91.49,82.62,3.87,91.06,5.07,2.04,112
2019,Íquira,0,106.2,97.04,4.72,83.43,11.85,5.74,193
2019,Isnos,0,106.06,94.88,4.1,87.18,8.72,0.61,382
2019,La Argentina,0,97.15,88.15,5.63,78.14,16.23,3.06,224
2019,La Plata,91.82736455463728,99.86,89.92,3.72,88.69,7.59,2.13,1089
2019,Nátaga,0,98.83,91.12,3,88.45,8.55,0.7,113
2019,Oporapa,0,86.53,81.6,2.16,93.74,4.1,1.67,210
2019,Paicol,0,87.58,75.29,2.96,88.91,8.13,4.11,78
2019,Palermo,0,118.43,107.42,4.91,81.43,13.66,5.55,311
2019,Palestina,0,100.27,92.55,3.8,91.56,4.64,2.48,171
2019,Pital,0,96.13,88.7,2.73,90.27,7,0.1,211
2019,Pitalito,0,117.47,103.26,4.95,83.39,11.66,5.13,2440
2019,Rivera,0,106.3,97.29,3.24,84.05,12.71,3.29,297
2019,Saladoblanco,0,96.95,89.78,5.67,82.43,11.9,0,196
2019,San Agustín,236.96682464454977,97.61,88.67,3.74,90.4,5.85,1.7,422
2019,Santa María,0,96.55,88.42,3.57,87.43,9,1.58,160
2019,Suaza,0,99.6,90.46,4.73,91.49,3.79,1.26,372
2019,Tarqui,0,96.49,88.99,4.01,87.06,8.93,2.51,266
2019,Tesalia,0,94.21,85.11,3.22,91.02,5.77,5.72,145
2019,Tello,0,94.41,87,3.86,90.55,5.59,2.22,136
2019,Teruel,0,92.06,85.03,5.36,81.91,12.74,5.55,104
2019,Timaná,0,97.38,86.23,4.93,84.48,10.59,1.16,307
2019,Villavieja,0,104.88,90.7,2.53,86.41,11.06,6.79,85
2019,Yaguará,0,93.54,85.53,3.91,88.5,7.59,6.17,67
2018,Neiva,16.725204883759826,108.2,94.78,4.81,84.11,11.08,2.52,5979
2018,Acevedo,0,126.07,114.31,2.77,89.92,7.31,1.04,595
2018,Agrado,0,99.95,88.94,1.08,96.08,2.84,0.36,125
2018,Aipe,0,100.7,86.87,3.57,88.1,8.33,0.26,260
2018,Algeciras,0,97.19,89.34,6.66,81.7,11.64,3.87,358
2018,Altamira,0,82.54,77.92,3.64,87.68,8.68,2.38,56
2018,Baraya,0,80.03,69.61,4.78,78.28,16.93,2.66,72
2018,Campoalegre,0,102.21,89.77,4.04,86.44,9.52,1.27,464
2018,Colombia,934.5794392523363,91.78,82.49,3.85,89.63,6.52,2.52,107
2018,Elías,0,83.97,81.69,4,88.39,7.61,1.29,49
2018,Garzón,0,106.74,94.12,4.56,87.2,8.24,2.28,1272
2018,Gigante,0,113.23,101.28,4.89,87.33,7.78,2,349
2018,Guadalupe,0,99.47,92.22,3.15,88.19,8.67,1.13,291
2018,Hobo,0,97.52,85.53,11,83.37,5.63,3.08,115
2018,Íquira,0,108.83,99.82,4.7,84.34,10.96,4.36,197
2018,Isnos,0,104.79,94.84,3.85,87.79,8.35,0.87,404
2018,La Argentina,0,102.96,92.28,5.28,80.54,14.17,0.93,250
2018,La Plata,0,101.81,90.68,3.2,88.4,8.4,1.58,1204
2018,Nátaga,0,105.48,92.85,2.34,87.92,9.74,0.43,86
2018,Oporapa,0,89.71,83.62,1.85,94.13,4.02,1.4,215
2018,Paicol,0,87.41,76.11,4.3,88.33,7.37,5.63,79
2018,Palermo,0,116.12,106.53,4.52,81.11,14.37,4.29,338
2018,Palestina,0,106.18,97.36,4.7,91.95,3.35,0.92,202
2018,Pital,0,98.92,90.71,2.7,90.92,6.38,0.47,264
2018,Pitalito,0,117.03,103.14,5.01,82.59,12.4,6.01,2586
2018,Rivera,0,110.54,97.79,3.17,85.3,11.53,2.05,279
2018,Saladoblanco,0,99.34,91.75,5.23,84.16,10.61,0,224
2018,San Agustín,0,100.42,88.29,2.35,92.59,5.06,1.06,469
2018,Santa María,0,97.38,88.18,3.24,89.35,7.42,1.84,186
2018,Suaza,0,101.5,91.49,2.53,92.71,4.76,1.79,371
2018,Tarqui,0,100.49,90.16,2.75,88.35,8.89,2.17,278
2018,Tesalia,0,94.2,85.71,2.54,86.35,11.11,3.58,129
2018,Tello,0,102.76,85.88,3.67,88.33,8,2.65,148
2018,Teruel,0,93.76,84.42,5.16,84.4,10.44,6.46,103
2018,Timaná,0,100.6,86.4,3.57,86.01,10.42,2.29,324
2018,Villavieja,0,104.66,88.01,2.66,85.75,11.59,4.19,71
2018,Yaguará,0,97.27,86.68,2.95,90.56,6.5,5.44,79
2017,Neiva,0,113.7,101.17,4.76,84.7,10.54,3.97,6412
2017,Acevedo,0,87.84,79.88,4.7,86.95,8.35,0.36,602
2017,Agrado,0,92.39,80.98,0.78,87.22,12,0.62,156
2017,Aipe,0,57.78,49.37,4.19,88.19,7.61,0.6,288
2017,Algeciras,0,93.31,85.54,4.41,85.44,10.15,4.51,339
2017,Altamira,0,65.49,62.23,2.9,92.39,4.7,0,50
2017,Baraya,0,65.61,59.08,3.85,84.51,11.64,4.67,75
2017,Campoalegre,0,86.8,77.42,4.82,86.23,8.95,2.82,512
2017,Colombia,0,53.18,47.06,4.21,85.99,9.8,3.77,115
2017,Elías,0,75.79,71.9,4.63,91.95,3.41,0.98,47
2017,Garzón,0,76.26,67.7,4.22,87.55,8.23,2.56,1363
2017,Gigante,277.0083102493075,75.81,67.45,3.62,87.24,9.14,3.9,361
2017,Guadalupe,0,82.71,73.38,2.82,90.06,7.12,0.64,291
2017,Hobo,0,98.07,87.24,7.81,88.36,3.84,0.14,117
2017,Íquira,473.93364928909955,89.19,80.99,4.77,82.78,12.45,8.02,211
2017,Isnos,0,90.79,81.61,2.25,88.19,9.57,1.69,421
2017,La Argentina,0,89.62,81.49,4.9,81.24,13.86,2.4,234
2017,La Plata,80.45052292839902,91.78,83.26,2.96,90.44,6.6,1.71,1243
2017,Nátaga,0,98.22,90.23,2.37,89.55,8.09,0.92,125
2017,Oporapa,0,67.51,63.1,1.77,94.96,3.27,2.48,211
2017,Paicol,0,107.62,92.08,4.02,87.24,8.74,4.65,94
2017,Palermo,0,83.16,77.03,3.45,84.1,12.46,5.4,379
2017,Palestina,0,94.25,85.91,2.42,92.85,4.72,1.29,220
2017,Pital,0,101.53,94.89,1.9,90.39,7.71,0.35,258
2017,Pitalito,37.174721189591075,108.62,95.07,5.54,81.89,12.57,6.35,2690
2017,Rivera,0,127.72,116,4.13,86.54,9.33,1.89,308
2017,Saladoblanco,0,91.13,84.49,4.06,91.1,4.84,0,228
2017,San Agustín,0,93.09,84.39,2.8,92.52,4.67,1.62,525
2017,Santa María,0,85.99,78.25,3.53,87.08,9.39,3.67,199
2017,Suaza,0,99.52,89.46,2.23,92.34,5.43,1.45,394
2017,Tarqui,0,93.64,85.98,2.74,89.3,7.96,2.35,300
2017,Tesalia,0,107.26,95.83,3.8,89.02,7.18,6.05,148
2017,Tello,0,68.42,63,2.87,93.58,3.56,2.3,163
2017,Teruel,0,77.74,71.97,6.74,84.12,9.14,6.8,114
2017,Timaná,0,97.16,85.71,4.34,85.17,10.5,1.53,317
2017,Villavieja,0,75.24,64.02,3.36,87.94,8.7,7.96,75
2017,Yaguará,0,80.7,72.82,2.59,88.65,8.76,5.1,104
2016,Neiva,0,115.57,100.36,6.44,82.92,10.64,3.4,6457
2016,Acevedo,0,90.04,81.04,3.59,89.6,6.81,3.42,624
2016,Agrado,0,105.17,88.89,3.46,87.82,8.72,0.24,163
2016,Aipe,0,57.42,50.02,3.15,91.11,5.75,7.03,240
2016,Algeciras,324.67532467532476,96.56,87.22,6.86,84.31,8.83,6.1,308
2016,Altamira,0,63.75,60.56,6.86,85,8.14,0.29,51
2016,Baraya,0,69.48,61.49,9.06,83.16,7.78,6.3,70
2016,Campoalegre,0,92.25,80.69,7.57,83.73,8.7,6.78,439
2016,Colombia,0,55.4,48.48,6.76,86.76,6.47,4.44,121
2016,Elías,0,75.75,73.22,3.46,89.62,6.92,3.21,50
2016,Garzón,0,76.65,68.56,4.85,87.11,8.04,4.5,1316
2016,Gigante,0,78.51,69.48,7.21,86.07,6.72,7.14,388
2016,Guadalupe,0,83.25,73.61,3.27,90.94,5.79,1.2,290
2016,Hobo,0,99.01,90.34,11.56,83.63,4.81,3.01,142
2016,Íquira,0,89.25,80.32,6.66,81.2,12.14,7.13,207
2016,Isnos,0,89.64,80.08,2.19,85.85,11.97,3.03,418
2016,La Argentina,0,90.94,82.38,6.73,73.86,19.41,5.91,196
2016,La Plata,150.60240963855424,94.29,84.48,4,89.1,6.9,3.65,1328
2016,Nátaga,0,96.02,89.19,3.73,89.23,7.05,3.46,128
2016,Oporapa,0,67.6,63.59,1.09,95.1,3.81,3.02,219
2016,Paicol,0,110.16,94.56,4.95,89.11,5.94,7.16,99
2016,Palermo,0,83.68,76.31,4.46,83.24,12.3,8.08,352
2016,Palestina,0,97.32,88.85,6.12,89.32,4.55,2.26,211
2016,Pital,0,102.34,96.59,5.18,91.05,3.77,1.44,255
2016,Pitalito,40.08016032064128,109.7,96.3,5.32,83.49,11.18,4.57,2495
2016,Rivera,0,127.21,113.52,5.41,86.72,7.88,6.7,347
2016,Saladoblanco,0,93.24,85.29,4.18,94.16,1.66,4.51,257
2016,San Agustín,182.81535648994515,94.17,85.62,3.86,91.07,5.07,3.1,547
2016,Santa María,0,87.03,79.02,6.08,86.39,7.53,5.9,190
2016,Suaza,0,102.25,90.88,3.66,90.02,6.32,3.75,361
2016,Tarqui,0,92.5,85.6,2.3,89.06,8.64,5.03,277
2016,Tesalia,0,106.59,97.12,2.75,88.9,8.34,5.5,133
2016,Tello,0,72.72,64.25,5.2,89.36,5.44,5.92,147
2016,Teruel,0,80.37,74.59,5.37,86.01,8.63,11.18,123
2016,Timaná,343.64261168384877,99.31,88.12,4.6,84.85,10.55,4.67,291
2016,Villavieja,0,75.72,63.19,4.4,83.32,12.28,4.07,88
2016,Yaguará,0,80.54,73.41,2.17,90.64,7.19,6.97,107
2015,Neiva,29.45074363127669,115.93,101.05,5.51,87.15,7.33,2.6,6791
2015,Acevedo,0,90.27,82.38,4.81,89.86,5.33,5.15,579
2015,Agrado,0,99.19,87.38,5.8,77.83,NA,0.34,172
2015,Aipe,0,59.14,52.53,5.38,82.61,12,6.09,272
2015,Algeciras,0,101.64,89.43,7.61,82.24,10.15,6.31,387
2015,Altamira,0,66.82,63.61,3.98,83.26,12.76,NA,56
2015,Baraya,0,67,62.33,5.53,89.77,4.71,NA,81
2015,Campoalegre,0,90.63,82.69,7.74,82.62,9.64,5.51,445
2015,Colombia,0,55.07,47.74,5.31,91.28,3.42,7.49,91
2015,Elías,0,77.67,74.74,4.38,95.62,0,6.82,41
2015,Garzón,76.45259938837923,79.91,71.47,6.26,86.94,6.81,3.29,1308
2015,Gigante,0,81.76,73.08,5.88,86.5,7.62,7.34,377
2015,Guadalupe,0,87.14,77.52,4.71,87.26,8.04,5.72,337
2015,Hobo,0,106.33,96.62,10.39,82.76,6.84,NA,128
2015,Íquira,0,92.63,82.62,6.37,83.74,9.89,6.08,200
2015,Isnos,0,88.74,79.89,2.63,93.26,4.12,5.9,450
2015,La Argentina,0,93.87,86.25,5.77,86.4,7.82,5.68,216
2015,La Plata,83.12551953449709,94.43,85.98,3.97,88.85,7.18,5.12,1203
2015,Nátaga,0,103.89,93.23,2.3,92.77,4.93,1.38,101
2015,Oporapa,0,68.64,65.12,3.06,93.5,3.44,5.34,210
2015,Paicol,0,108.11,94.48,2.6,85.27,12.13,4.69,86
2015,Palermo,253.80710659898475,86.07,79.07,5.2,82.16,12.64,6.4,394
2015,Palestina,0,97.88,88.97,3.39,94.39,2.22,1.73,175
2015,Pital,0,102.18,96.7,6.41,88.27,5.33,2.48,258
2015,Pitalito,0,117.58,98.14,5.46,84.18,10.36,2.45,2408
2015,Rivera,0,133.77,117.25,4.51,87.56,7.93,6.36,297
2015,Saladoblanco,0,96.59,86.87,4.3,92.62,3.07,2.68,252
2015,San Agustín,0,98.26,86.79,3.89,91.02,5.08,6.05,503
2015,Santa María,0,87.8,80.48,4.52,87.71,7.77,6.82,201
2015,Suaza,0,104.34,93.1,4.15,89.22,6.63,4.78,324
2015,Tarqui,0,95.91,88.69,2.7,92.34,4.96,4.07,275
2015,Tesalia,0,107.56,99.17,3.49,88.94,7.57,NA,158
2015,Tello,0,71.94,64.2,2.08,89.17,8.75,NA,166
2015,Teruel,0,85.52,78.45,8.09,80.41,11.5,NA,135
2015,Timaná,0,104.79,88.48,4.94,85.48,9.58,NA,291
2015,Villavieja,0,72.9,63.19,4.78,85.41,9.81,NA,76
2015,Yaguará,0,87.16,79.67,3.06,86.76,10.18,5.34,99
2014,Neiva,0,111.75,88.39,2.61,97.3,0.08,1.93,6884
2014,Acevedo,0,91.51,90.31,2.9,97.1,0,1.42,569
2014,Agrado,0,101.36,86.73,6.33,93.67,0,0.82,154
2014,Aipe,0,64.02,87.9,4.12,95.56,0.32,1.45,294
2014,Algeciras,0,97.95,89.41,6.39,93.35,0.26,1.74,376
2014,Altamira,0,75.73,93.35,4.23,95.77,0,0.12,41
2014,Baraya,0,70.3,91.33,3.66,96.07,0.26,0.65,100
2014,Campoalegre,0,91.69,92.12,5.29,94.61,0.1,0.77,526
2014,Colombia,900.9009009009009,54.36,91.25,2.61,97.39,0,1.31,111
2014,Elías,0,76.65,96.88,3.87,96.13,0,1,61
2014,Garzón,0,81.89,89.62,3.71,96.29,0,1.65,1436
2014,Gigante,0,84.5,89.77,4.01,95.96,0.03,2.2,377
2014,Guadalupe,0,91.5,85.65,3.27,96.7,0.02,2.13,328
2014,Hobo,0,109.36,90.32,4.58,95.42,0,3.18,141
2014,Íquira,0,95.02,89.92,4.43,95.57,0,2.48,180
2014,Isnos,0,93.17,88.95,2.01,97.8,0.19,1.64,407
2014,La Argentina,0,98.57,90.34,3.45,96.52,0.03,0.4,228
2014,La Plata,0,95.94,91.06,2.09,97.8,0.11,1.52,1209
2014,Nátaga,0,102.11,88.42,4.29,95.71,0,1.52,110
2014,Oporapa,0,70.31,95.61,3.68,96.32,0,1.31,236
2014,Paicol,0,108.76,86.75,5.23,94.69,0.07,0,102
2014,Palermo,0,87.74,91.69,3.47,95.98,0.55,1.87,375
2014,Palestina,0,103,86.15,1.52,98.48,0,0.65,219
2014,Pital,0,101.84,94.59,4.43,95.57,0,4.39,255
2014,Pitalito,38.28483920367535,118.34,83.67,3.62,95.89,0.48,2.43,2612
2014,Rivera,0,133.94,88.58,2.75,97.25,0,1.27,309
2014,Saladoblanco,0,95.93,91.05,3.5,96.5,0,0,224
2014,San Agustín,0,104.74,87.66,5.14,94.78,0.08,0.39,501
2014,Santa María,0,89.23,92.57,4.95,94.84,0.21,3.19,205
2014,Suaza,0,101.63,91.42,2.1,97.71,0.19,3.17,307
2014,Tarqui,386.1003861003861,101.24,91.55,2.66,97.2,0.14,1.25,259
2014,Tesalia,0,114.24,92.41,2.93,97.03,0.04,NA,199
2014,Tello,0,71.8,92.37,1.59,98.34,0.08,2.24,172
2014,Teruel,0,85.08,93.26,6.01,93.99,0,0.59,127
2014,Timaná,0,96.54,91.4,3.33,96.65,0.02,0.02,332
2014,Villavieja,0,74.31,88.62,1.45,98.55,0,0.56,92
2014,Yaguará,0,96.67,90.79,3.77,96.23,0,2.58,115
2013,Neiva,56.76979846721544,110.6,98.3,5.87,94.06,0.07,1.75,7046
2013,Acevedo,0,95.6,85.4,4.57,95.43,0,0.04,679
2013,Agrado,0,97.9,88,4.92,94.88,0.19,1.21,142
2013,Aipe,0,67.2,59.5,5.22,91.3,3.47,1.25,305
2013,Algeciras,0,99.9,88.8,6.92,83.32,9.75,0.84,364
2013,Altamira,0,73.8,69.9,4.71,92.07,3.22,0,48
2013,Baraya,0,70.5,65.4,4.85,86.59,8.56,1.07,105
2013,Campoalegre,0,93,84.8,6.19,86.83,6.98,0.86,614
2013,Colombia,0,55.1,51.3,4.43,94.53,1.04,1.63,115
2013,Elías,0,83.2,78.9,3.47,93.98,2.55,1.04,45
2013,Garzón,0,82.3,74.8,4.83,89.36,5.81,0.93,1332
2013,Gigante,0,88,79.7,5.31,92.89,1.8,0.37,400
2013,Guadalupe,301.20481927710847,93,81.8,5.21,91.71,3.08,1.2,332
2013,Hobo,0,104.2,96,8.05,91.95,0,0.74,160
2013,Íquira,0,94.2,84.7,6.65,88.25,5.11,0.12,159
2013,Isnos,0,97.8,87.3,3.33,95.89,0.78,0.84,429
2013,La Argentina,396.8253968253968,103.4,94,6.37,92.79,0.84,0.12,252
2013,La Plata,85.68980291345332,98,88.6,4.33,93.41,2.26,0.48,1167
2013,Nátaga,0,108.7,96.5,3.75,89.42,6.83,0.85,119
2013,Oporapa,0,73.9,68.8,3.84,90.37,5.79,1.26,259
2013,Paicol,0,110.4,99.6,5.27,94.73,0,0.48,90
2013,Palermo,0,92,84,2.49,92.27,5.24,0.86,355
2013,Palestina,0,106.2,91.7,5.42,90.73,3.85,0.66,229
2013,Pital,0,105.6,98,4.7,95.3,0,2.26,263
2013,Pitalito,0,126.6,100.7,3.82,90.39,5.79,0.9,2723
2013,Rivera,0,137,120,3.16,96.18,0.66,0.82,333
2013,Saladoblanco,0,98.1,88.7,3.11,89.79,7.1,0,242
2013,San Agustín,0,102.3,92.7,3.48,95.99,0.53,0.38,549
2013,Santa María,0,92,85,4.74,91,4.26,0.96,220
2013,Suaza,0,115,93.3,3.28,92.91,3.81,0.94,361
2013,Tarqui,0,102.8,94.6,2.21,94.9,2.89,0.64,313
2013,Tesalia,0,114.3,106.4,3.08,93.1,3.82,2.91,179
2013,Tello,0,77.7,71.4,5.13,91.63,3.24,1.82,164
2013,Teruel,0,86.4,81.4,5.68,89.27,5.05,0.46,137
2013,Timaná,0,100.6,89.6,3.9,87.67,8.42,0.13,301
2013,Villavieja,0,78.9,66.8,5.14,88.88,5.98,0.54,97
2013,Yaguará,0,102.9,90.9,2.72,87.45,9.82,0.38,104
2012,Neiva,27.99160251924423,108,97.2,5.29,94.41,0.3,2.14,7145
2012,Acevedo,0,96.9,84.4,4.61,92.54,2.86,0.2,710
2012,Agrado,0,99.2,88.7,2.72,87.45,9.83,1.19,184
2012,Aipe,0,75.9,65.2,6.37,84.29,9.34,0.42,320
2012,Algeciras,0,102.3,88.4,7.68,85.16,7.16,0.63,343
2012,Altamira,0,73.4,70.9,2.86,91.29,5.85,0,46
2012,Baraya,0,70.6,65.3,3.01,88.9,8.1,0.55,98
2012,Campoalegre,0,92.4,84.3,6.01,86.1,7.88,2.02,520
2012,Colombia,769.2307692307693,57.7,51.3,4.64,90.52,4.84,1.24,130
2012,Elías,0,85.6,81.5,6.12,93.88,0,0.23,63
2012,Garzón,0,82.5,74.7,5.38,87.8,6.82,0.55,1434
2012,Gigante,228.83295194508008,91.8,82.7,5.99,88.75,5.26,0.18,437
2012,Guadalupe,0,95.8,84.1,7.29,88.5,4.2,0.4,350
2012,Hobo,0,110.8,97.3,7.71,85.95,6.34,0.06,123
2012,Íquira,0,89.9,82.6,6.56,83.03,10.41,0.29,164
2012,Isnos,0,98.8,87.6,5.24,88.64,6.12,1.77,429
2012,La Argentina,0,102.2,92,3.95,93.02,3.03,0.65,271
2012,La Plata,84.03361344537815,102.4,89.8,4.58,90.02,5.41,0.37,1190
2012,Nátaga,0,103.4,94.7,3.72,88.83,7.44,1.34,120
2012,Oporapa,0,72.7,68.9,4.77,89.89,5.34,1.72,261
2012,Paicol,0,106.5,96.4,4.14,85.87,9.99,0,103
2012,Palermo,288.1844380403458,95.8,87.1,5.68,84.06,10.25,1.41,347
2012,Palestina,0,103.7,92.8,5.19,94.19,0.62,0.4,250
2012,Pital,358.42293906810033,103.6,96.3,4.89,91.49,3.62,3.13,279
2012,Pitalito,0,112.7,100.1,4.76,88.7,6.54,0.71,2639
2012,Rivera,0,137.1,120.7,5.06,84.55,10.39,0.99,298
2012,Saladoblanco,0,94.8,86,3.75,96.25,0,0,250
2012,San Agustín,0,103.5,89.3,5.35,93.62,1.03,0.19,546
2012,Santa María,0,92,86.9,6.81,83.75,9.45,1.02,194
2012,Suaza,0,112.6,100.7,6.62,89.59,3.79,0.35,359
2012,Tarqui,0,109.3,96.1,3.48,90.1,6.42,0.9,299
2012,Tesalia,0,116.9,108.8,4.77,85.33,9.9,1.71,185
2012,Tello,0,78.4,71,3.41,90.55,6.04,0.89,166
2012,Teruel,0,87.5,82.1,7.51,86.29,6.2,0.06,136
2012,Timaná,0,97.1,88,5.55,86,8.45,0.2,334
2012,Villavieja,0,74.8,66.6,6.09,79.88,14.03,0.07,109
2012,Yaguará,0,100.7,92.6,4.01,81.64,14.35,0.3,111
2011,Neiva,14.86104919007282,107.9,96.4,4.09,95.52,0.39,2.91,6729
2011,Acevedo,155.76323987538942,94.8,84,4.09,93.95,1.96,0.03,642
2011,Agrado,0,105.9,93.6,4.84,94.04,1.12,0.22,173
2011,Aipe,0,79.4,66.5,6.08,86.08,7.83,0.22,288
2011,Algeciras,0,102.9,90,7.51,85.91,6.57,0.49,401
2011,Altamira,0,79.2,75,4.09,91,4.91,0.93,49
2011,Baraya,934.5794392523363,76,70.1,5.03,93.61,1.36,0.34,107
2011,Campoalegre,193.42359767891682,90.5,83.7,4.41,93.83,1.77,0.35,517
2011,Colombia,0,60.3,52.5,5.87,89.35,4.78,1.28,103
2011,Elías,0,84.9,81.9,4.91,95.09,0,0.11,50
2011,Garzón,76.33587786259542,86.2,77.2,4.77,92.22,3,0.27,1310
2011,Gigante,263.8522427440633,94.8,85.6,4.2,93.88,1.93,0.36,379
2011,Guadalupe,298.5074626865672,98,85,4.38,92.19,3.43,0.63,335
2011,Hobo,0,109.5,96.7,5.35,84.5,10.15,0.81,114
2011,Íquira,0,90.6,84,6.09,87.87,6.04,0.12,165
2011,Isnos,0,104.6,90.9,4.8,94.05,1.15,1.72,449
2011,La Argentina,0,106.8,96.9,5.4,86.96,7.64,0.11,260
2011,La Plata,0,103.4,91.3,3.89,93.07,3.04,0.65,1233
2011,Nátaga,0,99.4,92.8,6.73,91.68,1.59,1.96,102
2011,Oporapa,0,74.6,71.9,2.92,94.61,2.47,1.13,276
2011,Paicol,0,117.3,99.1,3.61,83.71,12.68,0,82
2011,Palermo,0,97.4,88.5,5.65,85.72,8.63,0.82,361
2011,Palestina,0,104.8,94.9,5.23,94.77,0,0.14,238
2011,Pital,0,105.4,97,4.28,93.65,2.08,0.3,258
2011,Pitalito,118.85895404120444,110.1,98.6,3.72,90.7,5.58,0.43,2524
2011,Rivera,0,132.2,119.1,4.17,91.5,4.33,1.2,312
2011,Saladoblanco,0,95.1,86.2,4.17,95.83,0,0,229
2011,San Agustín,0,105.4,92.8,2.95,95.6,1.45,0.03,507
2011,Santa María,0,93.6,87.7,5.59,87.77,6.64,0.16,172
2011,Suaza,0,114.5,99.3,5.97,92.08,1.96,0.33,297
2011,Tarqui,0,112.5,99.6,2.11,94.17,3.72,0.13,294
2011,Tesalia,507.6142131979695,115.8,109.4,4.65,86.7,8.65,2.38,197
2011,Tello,0,80.9,73.6,3.97,92.27,3.77,0.37,187
2011,Teruel,0,91.2,84.5,7.11,82.94,9.95,0.22,149
2011,Timaná,0,97.7,88.6,4.23,89.97,5.8,0.04,301
2011,Villavieja,0,85.1,71.6,4.99,90.92,4.1,1.16,114
2011,Yaguará,0,105.1,95.3,2.98,79.17,NA,0.47,109
